{
  "total_files": 20,
  "successful": 20,
  "failed": 0,
  "success_rate": 100.0,
  "timings": {
    "per_file": {
      "mean": 0.18659802704933098,
      "std": 0.001634887532635352,
      "min": 0.18429145799018443,
      "max": 0.19100966694531962,
      "total": 3.73196054098662
    },
    "total_batch": {
      "mean": 3.7325464590103365,
      "std": 0.0,
      "min": 3.7325464590103365,
      "max": 3.7325464590103365,
      "total": 3.7325464590103365
    }
  },
  "metrics": {
    "duration": {
      "mean": 21.33333333333333,
      "std": 3.552713678800501e-15,
      "min": 21.333333333333332,
      "max": 21.333333333333332,
      "median": 21.333333333333332
    },
    "n_samples": {
      "mean": 4096000.0,
      "std": 0.0,
      "min": 4096000,
      "max": 4096000,
      "median": 4096000.0
    },
    "rms": {
      "mean": 125.91104052676874,
      "std": 0.3352330616944209,
      "min": 125.44930360469262,
      "max": 126.87344977404989,
      "median": 125.81188941748267
    },
    "peak": {
      "mean": 207.05,
      "std": 69.1588569888196,
      "min": 168.0,
      "max": 438.0,
      "median": 185.0
    },
    "dynamic_range": {
      "mean": 23.331727992421975,
      "std": 53.26387472602638,
      "min": 6.664293580701681,
      "max": 252.82948221008397,
      "median": 9.368008793360044
    },
    "zero_crossing_rate": {
      "mean": 1.25e-05,
      "std": 5.283000046639963e-05,
      "min": 0.0,
      "max": 0.00024267578125,
      "median": 0.0
    }
  }
}