file_path,filename,start_time,end_time,duration,size,n_samples
datasets/ColorSynth/GoMRI-17/2017_South/BUOY200/7178E5DC.200,7178E5DC.200,2017-06-28 00:20:34.757219,2017-06-28 00:20:56.090552,21.333333333333332,8388608,4096000
datasets/ColorSynth/GoMRI-17/2017_South/BUOY200/7178E5DD.200,7178E5DD.200,2017-06-28 00:20:56.088906,2017-06-28 00:21:17.422239,21.333333333333332,8388608,4096000
datasets/ColorSynth/GoMRI-17/2017_South/BUOY200/7178E5DE.200,7178E5DE.200,2017-06-28 00:21:17.420594,2017-06-28 00:21:38.753927,21.333333333333332,8388608,4096000
datasets/ColorSynth/GoMRI-17/2017_South/BUOY200/7178E5DF.200,7178E5DF.200,2017-06-28 00:21:38.752281,2017-06-28 00:22:00.085614,21.333333333333332,8388608,4096000
datasets/ColorSynth/GoMRI-17/2017_South/BUOY200/7178E5E0.200,7178E5E0.200,2017-06-28 00:22:00.083969,2017-06-28 00:22:21.417302,21.333333333333332,8388608,4096000
datasets/ColorSynth/GoMRI-17/2017_South/BUOY200/7178E5E1.200,7178E5E1.200,2017-06-28 00:22:21.415625,2017-06-28 00:22:42.748958,21.333333333333332,8388608,4096000
datasets/ColorSynth/GoMRI-17/2017_South/BUOY200/7178E5E2.200,7178E5E2.200,2017-06-28 00:22:42.747313,2017-06-28 00:23:04.080646,21.333333333333332,8388608,4096000
datasets/ColorSynth/GoMRI-17/2017_South/BUOY200/7178E5E3.200,7178E5E3.200,2017-06-28 00:23:04.079000,2017-06-28 00:23:25.412333,21.333333333333332,8388608,4096000
datasets/ColorSynth/GoMRI-17/2017_South/BUOY200/7178E5E4.200,7178E5E4.200,2017-06-28 00:23:25.410687,2017-06-28 00:23:46.744020,21.333333333333332,8388608,4096000
datasets/ColorSynth/GoMRI-17/2017_South/BUOY200/7178E5E5.200,7178E5E5.200,2017-06-28 00:23:46.742344,2017-06-28 00:24:08.075677,21.333333333333332,8388608,4096000
datasets/ColorSynth/GoMRI-17/2017_South/BUOY200/7178E5E6.200,7178E5E6.200,2017-06-28 00:24:08.074031,2017-06-28 00:24:29.407364,21.333333333333332,8388608,4096000
datasets/ColorSynth/GoMRI-17/2017_South/BUOY200/7178E5E7.200,7178E5E7.200,2017-06-28 00:24:29.405719,2017-06-28 00:24:50.739052,21.333333333333332,8388608,4096000
datasets/ColorSynth/GoMRI-17/2017_South/BUOY200/7178E5E8.200,7178E5E8.200,2017-06-28 00:24:50.737406,2017-06-28 00:25:12.070739,21.333333333333332,8388608,4096000
datasets/ColorSynth/GoMRI-17/2017_South/BUOY200/7178E5E9.200,7178E5E9.200,2017-06-28 00:25:12.069063,2017-06-28 00:25:33.402396,21.333333333333332,8388608,4096000
datasets/ColorSynth/GoMRI-17/2017_South/BUOY200/7178E5EA.200,7178E5EA.200,2017-06-28 00:25:33.400750,2017-06-28 00:25:54.734083,21.333333333333332,8388608,4096000
datasets/ColorSynth/GoMRI-17/2017_South/BUOY200/7178E5EB.200,7178E5EB.200,2017-06-28 00:25:54.732437,2017-06-28 00:26:16.065770,21.333333333333332,8388608,4096000
datasets/ColorSynth/GoMRI-17/2017_South/BUOY200/7178E5EC.200,7178E5EC.200,2017-06-28 00:26:16.064125,2017-06-28 00:26:37.397458,21.333333333333332,8388608,4096000
datasets/ColorSynth/GoMRI-17/2017_South/BUOY200/7178E5ED.200,7178E5ED.200,2017-06-28 00:26:37.395812,2017-06-28 00:26:58.729145,21.333333333333332,8388608,4096000
datasets/ColorSynth/GoMRI-17/2017_South/BUOY200/7178E5EE.200,7178E5EE.200,2017-06-28 00:26:58.727469,2017-06-28 00:27:20.060802,21.333333333333332,8388608,4096000
datasets/ColorSynth/GoMRI-17/2017_South/BUOY200/7178E5EF.200,7178E5EF.200,2017-06-28 00:27:20.059156,2017-06-28 00:27:41.392489,21.333333333333332,8388608,4096000
datasets/ColorSynth/GoMRI-17/2017_South/BUOY200/7178E5F0.200,7178E5F0.200,2017-06-28 00:27:41.390844,2017-06-28 00:28:02.724177,21.333333333333332,8388608,4096000
datasets/ColorSynth/GoMRI-17/2017_South/BUOY200/7178E5F1.200,7178E5F1.200,2017-06-28 00:28:02.722531,2017-06-28 00:28:24.055864,21.333333333333332,8388608,4096000
datasets/ColorSynth/GoMRI-17/2017_South/BUOY200/7178E5F2.200,7178E5F2.200,2017-06-28 00:28:24.054187,2017-06-28 00:28:45.387520,21.333333333333332,8388608,4096000
datasets/ColorSynth/GoMRI-17/2017_South/BUOY200/7178E5F3.200,7178E5F3.200,2017-06-28 00:28:45.385875,2017-06-28 00:29:06.719208,21.333333333333332,8388608,4096000
datasets/ColorSynth/GoMRI-17/2017_South/BUOY200/7178E5F4.200,7178E5F4.200,2017-06-28 00:29:06.717562,2017-06-28 00:29:28.050895,21.333333333333332,8388608,4096000
datasets/ColorSynth/GoMRI-17/2017_South/BUOY200/7178E5F5.200,7178E5F5.200,2017-06-28 00:29:28.049250,2017-06-28 00:29:49.382583,21.333333333333332,8388608,4096000
datasets/ColorSynth/GoMRI-17/2017_South/BUOY200/7178E5F6.200,7178E5F6.200,2017-06-28 00:29:49.380906,2017-06-28 00:30:10.714239,21.333333333333332,8388608,4096000
datasets/ColorSynth/GoMRI-17/2017_South/BUOY200/7178E5F7.200,7178E5F7.200,2017-06-28 00:30:10.712594,2017-06-28 00:30:32.045927,21.333333333333332,8388608,4096000
datasets/ColorSynth/GoMRI-17/2017_South/BUOY200/7178E5F8.200,7178E5F8.200,2017-06-28 00:30:32.044281,2017-06-28 00:30:53.377614,21.333333333333332,8388608,4096000
datasets/ColorSynth/GoMRI-17/2017_South/BUOY200/7178E5F9.200,7178E5F9.200,2017-06-28 00:30:53.375969,2017-06-28 00:31:14.709302,21.333333333333332,8388608,4096000
datasets/ColorSynth/GoMRI-17/2017_South/BUOY200/7178E5FA.200,7178E5FA.200,2017-06-28 00:31:14.707656,2017-06-28 00:31:36.040989,21.333333333333332,8388608,4096000
datasets/ColorSynth/GoMRI-17/2017_South/BUOY200/7178E5FB.200,7178E5FB.200,2017-06-28 00:31:36.039312,2017-06-28 00:31:57.372645,21.333333333333332,8388608,4096000
datasets/ColorSynth/GoMRI-17/2017_South/BUOY200/7178E5FC.200,7178E5FC.200,2017-06-28 00:31:57.371000,2017-06-28 00:32:18.704333,21.333333333333332,8388608,4096000
datasets/ColorSynth/GoMRI-17/2017_South/BUOY200/7178E5FD.200,7178E5FD.200,2017-06-28 00:32:18.702688,2017-06-28 00:32:40.036021,21.333333333333332,8388608,4096000
datasets/ColorSynth/GoMRI-17/2017_South/BUOY200/7178E5FE.200,7178E5FE.200,2017-06-28 00:32:40.034375,2017-06-28 00:33:01.367708,21.333333333333332,8388608,4096000
datasets/ColorSynth/GoMRI-17/2017_South/BUOY200/7178E5FF.200,7178E5FF.200,2017-06-28 00:33:01.366031,2017-06-28 00:33:22.699364,21.333333333333332,8388608,4096000
datasets/ColorSynth/GoMRI-17/2017_South/BUOY200/7178E600.200,7178E600.200,2017-06-28 00:33:22.697719,2017-06-28 00:33:44.031052,21.333333333333332,8388608,4096000
datasets/ColorSynth/GoMRI-17/2017_South/BUOY200/7178E601.200,7178E601.200,2017-06-28 00:33:44.029406,2017-06-28 00:34:05.362739,21.333333333333332,8388608,4096000
datasets/ColorSynth/GoMRI-17/2017_South/BUOY200/7178E602.200,7178E602.200,2017-06-28 00:34:05.361094,2017-06-28 00:34:26.694427,21.333333333333332,8388608,4096000
datasets/ColorSynth/GoMRI-17/2017_South/BUOY200/7178E603.200,7178E603.200,2017-06-28 00:34:26.692750,2017-06-28 00:34:48.026083,21.333333333333332,8388608,4096000
datasets/ColorSynth/GoMRI-17/2017_South/BUOY200/7178E604.200,7178E604.200,2017-06-28 00:34:48.024438,2017-06-28 00:35:09.357771,21.333333333333332,8388608,4096000
datasets/ColorSynth/GoMRI-17/2017_South/BUOY200/7178E605.200,7178E605.200,2017-06-28 00:35:09.356125,2017-06-28 00:35:30.689458,21.333333333333332,8388608,4096000
datasets/ColorSynth/GoMRI-17/2017_South/BUOY200/7178E606.200,7178E606.200,2017-06-28 00:35:30.687812,2017-06-28 00:35:52.021145,21.333333333333332,8388608,4096000
datasets/ColorSynth/GoMRI-17/2017_South/BUOY200/7178E607.200,7178E607.200,2017-06-28 00:35:52.019500,2017-06-28 00:36:13.352833,21.333333333333332,8388608,4096000
datasets/ColorSynth/GoMRI-17/2017_South/BUOY200/7178E608.200,7178E608.200,2017-06-28 00:36:13.351156,2017-06-28 00:36:34.684489,21.333333333333332,8388608,4096000
datasets/ColorSynth/GoMRI-17/2017_South/BUOY200/7178E609.200,7178E609.200,2017-06-28 00:36:34.682844,2017-06-28 00:36:56.016177,21.333333333333332,8388608,4096000
datasets/ColorSynth/GoMRI-17/2017_South/BUOY200/7178E60A.200,7178E60A.200,2017-06-28 00:36:56.014531,2017-06-28 00:37:17.347864,21.333333333333332,8388608,4096000
datasets/ColorSynth/GoMRI-17/2017_South/BUOY200/7178E60B.200,7178E60B.200,2017-06-28 00:37:17.346219,2017-06-28 00:37:38.679552,21.333333333333332,8388608,4096000
datasets/ColorSynth/GoMRI-17/2017_South/BUOY200/7178E60C.200,7178E60C.200,2017-06-28 00:37:38.677875,2017-06-28 00:38:00.011208,21.333333333333332,8388608,4096000
datasets/ColorSynth/GoMRI-17/2017_South/BUOY200/7178E60D.200,7178E60D.200,2017-06-28 00:38:00.009562,2017-06-28 00:38:21.342895,21.333333333333332,8388608,4096000
datasets/ColorSynth/GoMRI-17/2017_South/BUOY200/7178E60E.200,7178E60E.200,2017-06-28 00:38:21.341250,2017-06-28 00:38:42.674583,21.333333333333332,8388608,4096000
datasets/ColorSynth/GoMRI-17/2017_South/BUOY200/7178E60F.200,7178E60F.200,2017-06-28 00:38:42.672937,2017-06-28 00:39:04.006270,21.333333333333332,8388608,4096000
datasets/ColorSynth/GoMRI-17/2017_South/BUOY200/7178E610.200,7178E610.200,2017-06-28 00:39:04.004594,2017-06-28 00:39:25.337927,21.333333333333332,8388608,4096000
datasets/ColorSynth/GoMRI-17/2017_South/BUOY200/7178E611.200,7178E611.200,2017-06-28 00:39:25.336281,2017-06-28 00:39:46.669614,21.333333333333332,8388608,4096000
datasets/ColorSynth/GoMRI-17/2017_South/BUOY200/7178E612.200,7178E612.200,2017-06-28 00:39:46.667969,2017-06-28 00:40:08.001302,21.333333333333332,8388608,4096000
datasets/ColorSynth/GoMRI-17/2017_South/BUOY200/7178E613.200,7178E613.200,2017-06-28 00:40:07.999656,2017-06-28 00:40:29.332989,21.333333333333332,8388608,4096000
datasets/ColorSynth/GoMRI-17/2017_South/BUOY200/7178E614.200,7178E614.200,2017-06-28 00:40:29.331344,2017-06-28 00:40:50.664677,21.333333333333332,8388608,4096000
datasets/ColorSynth/GoMRI-17/2017_South/BUOY200/7178E615.200,7178E615.200,2017-06-28 00:40:50.663000,2017-06-28 00:41:11.996333,21.333333333333332,8388608,4096000
datasets/ColorSynth/GoMRI-17/2017_South/BUOY200/7178E616.200,7178E616.200,2017-06-28 00:41:11.994687,2017-06-28 00:41:33.328020,21.333333333333332,8388608,4096000
datasets/ColorSynth/GoMRI-17/2017_South/BUOY200/7178E617.200,7178E617.200,2017-06-28 00:41:33.326375,2017-06-28 00:41:54.659708,21.333333333333332,8388608,4096000
datasets/ColorSynth/GoMRI-17/2017_South/BUOY200/7178E618.200,7178E618.200,2017-06-28 00:41:54.658063,2017-06-28 00:42:15.991396,21.333333333333332,8388608,4096000
datasets/ColorSynth/GoMRI-17/2017_South/BUOY200/7178E619.200,7178E619.200,2017-06-28 00:42:15.989719,2017-06-28 00:42:37.323052,21.333333333333332,8388608,4096000
datasets/ColorSynth/GoMRI-17/2017_South/BUOY200/7178E61A.200,7178E61A.200,2017-06-28 00:42:37.321406,2017-06-28 00:42:58.654739,21.333333333333332,8388608,4096000
datasets/ColorSynth/GoMRI-17/2017_South/BUOY200/7178E61B.200,7178E61B.200,2017-06-28 00:42:58.653094,2017-06-28 00:43:19.986427,21.333333333333332,8388608,4096000
datasets/ColorSynth/GoMRI-17/2017_South/BUOY200/7178E61C.200,7178E61C.200,2017-06-28 00:43:19.984781,2017-06-28 00:43:41.318114,21.333333333333332,8388608,4096000
datasets/ColorSynth/GoMRI-17/2017_South/BUOY200/7178E61D.200,7178E61D.200,2017-06-28 00:43:41.316437,2017-06-28 00:44:02.649770,21.333333333333332,8388608,4096000
datasets/ColorSynth/GoMRI-17/2017_South/BUOY200/7178E61E.200,7178E61E.200,2017-06-28 00:44:02.648125,2017-06-28 00:44:23.981458,21.333333333333332,8388608,4096000
datasets/ColorSynth/GoMRI-17/2017_South/BUOY200/7178E61F.200,7178E61F.200,2017-06-28 00:44:23.979813,2017-06-28 00:44:45.313146,21.333333333333332,8388608,4096000
datasets/ColorSynth/GoMRI-17/2017_South/BUOY200/7178E620.200,7178E620.200,2017-06-28 00:44:45.311500,2017-06-28 00:45:06.644833,21.333333333333332,8388608,4096000
datasets/ColorSynth/GoMRI-17/2017_South/BUOY200/7178E621.200,7178E621.200,2017-06-28 00:45:06.643188,2017-06-28 00:45:27.976521,21.333333333333332,8388608,4096000
datasets/ColorSynth/GoMRI-17/2017_South/BUOY200/7178E622.200,7178E622.200,2017-06-28 00:45:27.974844,2017-06-28 00:45:49.308177,21.333333333333332,8388608,4096000
datasets/ColorSynth/GoMRI-17/2017_South/BUOY200/7178E623.200,7178E623.200,2017-06-28 00:45:49.306531,2017-06-28 00:46:10.639864,21.333333333333332,8388608,4096000
datasets/ColorSynth/GoMRI-17/2017_South/BUOY200/7178E624.200,7178E624.200,2017-06-28 00:46:10.638219,2017-06-28 00:46:31.971552,21.333333333333332,8388608,4096000
datasets/ColorSynth/GoMRI-17/2017_South/BUOY200/7178E625.200,7178E625.200,2017-06-28 00:46:31.969906,2017-06-28 00:46:53.303239,21.333333333333332,8388608,4096000
datasets/ColorSynth/GoMRI-17/2017_South/BUOY200/7178E626.200,7178E626.200,2017-06-28 00:46:53.301563,2017-06-28 00:47:14.634896,21.333333333333332,8388608,4096000
datasets/ColorSynth/GoMRI-17/2017_South/BUOY200/7178E627.200,7178E627.200,2017-06-28 00:47:14.633250,2017-06-28 00:47:35.966583,21.333333333333332,8388608,4096000
datasets/ColorSynth/GoMRI-17/2017_South/BUOY200/7178E628.200,7178E628.200,2017-06-28 00:47:35.964938,2017-06-28 00:47:57.298271,21.333333333333332,8388608,4096000
datasets/ColorSynth/GoMRI-17/2017_South/BUOY200/7178E629.200,7178E629.200,2017-06-28 00:47:57.296625,2017-06-28 00:48:18.629958,21.333333333333332,8388608,4096000
datasets/ColorSynth/GoMRI-17/2017_South/BUOY200/7178E62A.200,7178E62A.200,2017-06-28 00:48:18.628281,2017-06-28 00:48:39.961614,21.333333333333332,8388608,4096000
datasets/ColorSynth/GoMRI-17/2017_South/BUOY200/7178E62B.200,7178E62B.200,2017-06-28 00:48:39.959969,2017-06-28 00:49:01.293302,21.333333333333332,8388608,4096000
datasets/ColorSynth/GoMRI-17/2017_South/BUOY200/7178E62C.200,7178E62C.200,2017-06-28 00:49:01.291656,2017-06-28 00:49:22.624989,21.333333333333332,8388608,4096000
datasets/ColorSynth/GoMRI-17/2017_South/BUOY200/7178E62D.200,7178E62D.200,2017-06-28 00:49:22.623344,2017-06-28 00:49:43.956677,21.333333333333332,8388608,4096000
datasets/ColorSynth/GoMRI-17/2017_South/BUOY200/7178E62E.200,7178E62E.200,2017-06-28 00:49:43.955031,2017-06-28 00:50:05.288364,21.333333333333332,8388608,4096000
datasets/ColorSynth/GoMRI-17/2017_South/BUOY200/7178E62F.200,7178E62F.200,2017-06-28 00:50:05.286688,2017-06-28 00:50:26.620021,21.333333333333332,8388608,4096000
datasets/ColorSynth/GoMRI-17/2017_South/BUOY200/7178E630.200,7178E630.200,2017-06-28 00:50:26.618375,2017-06-28 00:50:47.951708,21.333333333333332,8388608,4096000
datasets/ColorSynth/GoMRI-17/2017_South/BUOY200/7178E631.200,7178E631.200,2017-06-28 00:50:47.950062,2017-06-28 00:51:09.283395,21.333333333333332,8388608,4096000
datasets/ColorSynth/GoMRI-17/2017_South/BUOY200/7178E632.200,7178E632.200,2017-06-28 00:51:09.281750,2017-06-28 00:51:30.615083,21.333333333333332,8388608,4096000
datasets/ColorSynth/GoMRI-17/2017_South/BUOY200/7178E633.200,7178E633.200,2017-06-28 00:51:30.613406,2017-06-28 00:51:51.946739,21.333333333333332,8388608,4096000
datasets/ColorSynth/GoMRI-17/2017_South/BUOY200/7178E634.200,7178E634.200,2017-06-28 00:51:51.945094,2017-06-28 00:52:13.278427,21.333333333333332,8388608,4096000
datasets/ColorSynth/GoMRI-17/2017_South/BUOY200/7178E635.200,7178E635.200,2017-06-28 00:52:13.276781,2017-06-28 00:52:34.610114,21.333333333333332,8388608,4096000
datasets/ColorSynth/GoMRI-17/2017_South/BUOY200/7178E636.200,7178E636.200,2017-06-28 00:52:34.608469,2017-06-28 00:52:55.941802,21.333333333333332,8388608,4096000
datasets/ColorSynth/GoMRI-17/2017_South/BUOY200/7178E637.200,7178E637.200,2017-06-28 00:52:55.940125,2017-06-28 00:53:17.273458,21.333333333333332,8388608,4096000
datasets/ColorSynth/GoMRI-17/2017_South/BUOY200/7178E638.200,7178E638.200,2017-06-28 00:53:17.271812,2017-06-28 00:53:38.605145,21.333333333333332,8388608,4096000
datasets/ColorSynth/GoMRI-17/2017_South/BUOY200/7178E639.200,7178E639.200,2017-06-28 00:53:38.603500,2017-06-28 00:53:59.936833,21.333333333333332,8388608,4096000
datasets/ColorSynth/GoMRI-17/2017_South/BUOY200/7178E63A.200,7178E63A.200,2017-06-28 00:53:59.935188,2017-06-28 00:54:21.268521,21.333333333333332,8388608,4096000
datasets/ColorSynth/GoMRI-17/2017_South/BUOY200/7178E63B.200,7178E63B.200,2017-06-28 00:54:21.266875,2017-06-28 00:54:42.600208,21.333333333333332,8388608,4096000
datasets/ColorSynth/GoMRI-17/2017_South/BUOY200/7178E63C.200,7178E63C.200,2017-06-28 00:54:42.598531,2017-06-28 00:55:03.931864,21.333333333333332,8388608,4096000
datasets/ColorSynth/GoMRI-17/2017_South/BUOY200/7178E63D.200,7178E63D.200,2017-06-28 00:55:03.930219,2017-06-28 00:55:25.263552,21.333333333333332,8388608,4096000
datasets/ColorSynth/GoMRI-17/2017_South/BUOY200/7178E63E.200,7178E63E.200,2017-06-28 00:55:25.261906,2017-06-28 00:55:46.595239,21.333333333333332,8388608,4096000
datasets/ColorSynth/GoMRI-17/2017_South/BUOY200/7178E63F.200,7178E63F.200,2017-06-28 00:55:46.593594,2017-06-28 00:56:07.926927,21.333333333333332,8388608,4096000
datasets/ColorSynth/GoMRI-17/2017_South/BUOY200/7178E640.200,7178E640.200,2017-06-28 00:56:07.925250,2017-06-28 00:56:29.258583,21.333333333333332,8388608,4096000
datasets/ColorSynth/GoMRI-17/2017_South/BUOY200/7178E641.200,7178E641.200,2017-06-28 00:56:29.256937,2017-06-28 00:56:50.590270,21.333333333333332,8388608,4096000
datasets/ColorSynth/GoMRI-17/2017_South/BUOY200/7178E642.200,7178E642.200,2017-06-28 00:56:50.588625,2017-06-28 00:57:11.921958,21.333333333333332,8388608,4096000
datasets/ColorSynth/GoMRI-17/2017_South/BUOY200/7178E643.200,7178E643.200,2017-06-28 00:57:11.920313,2017-06-28 00:57:33.253646,21.333333333333332,8388608,4096000
datasets/ColorSynth/GoMRI-17/2017_South/BUOY200/7178E644.200,7178E644.200,2017-06-28 00:57:33.251969,2017-06-28 00:57:54.585302,21.333333333333332,8388608,4096000
datasets/ColorSynth/GoMRI-17/2017_South/BUOY200/7178E645.200,7178E645.200,2017-06-28 00:57:54.583656,2017-06-28 00:58:15.916989,21.333333333333332,8388608,4096000
datasets/ColorSynth/GoMRI-17/2017_South/BUOY200/7178E646.200,7178E646.200,2017-06-28 00:58:15.915344,2017-06-28 00:58:37.248677,21.333333333333332,8388608,4096000
datasets/ColorSynth/GoMRI-17/2017_South/BUOY200/7178E647.200,7178E647.200,2017-06-28 00:58:37.247031,2017-06-28 00:58:58.580364,21.333333333333332,8388608,4096000
datasets/ColorSynth/GoMRI-17/2017_South/BUOY200/7178E648.200,7178E648.200,2017-06-28 00:58:58.578719,2017-06-28 00:59:19.912052,21.333333333333332,8388608,4096000
datasets/ColorSynth/GoMRI-17/2017_South/BUOY200/7178E649.200,7178E649.200,2017-06-28 00:59:19.910375,2017-06-28 00:59:41.243708,21.333333333333332,8388608,4096000
datasets/ColorSynth/GoMRI-17/2017_South/BUOY200/7178E64A.200,7178E64A.200,2017-06-28 00:59:41.242063,2017-06-28 01:00:02.575396,21.333333333333332,8388608,4096000
datasets/ColorSynth/GoMRI-17/2017_South/BUOY200/7178E64B.200,7178E64B.200,2017-06-28 01:00:02.573750,2017-06-28 01:00:23.907083,21.333333333333332,8388608,4096000
datasets/ColorSynth/GoMRI-17/2017_South/BUOY200/7178E64C.200,7178E64C.200,2017-06-28 01:00:23.905437,2017-06-28 01:00:45.238770,21.333333333333332,8388608,4096000
datasets/ColorSynth/GoMRI-17/2017_South/BUOY200/7178E64D.200,7178E64D.200,2017-06-28 01:00:45.237094,2017-06-28 01:01:06.570427,21.333333333333332,8388608,4096000
datasets/ColorSynth/GoMRI-17/2017_South/BUOY200/7178E64E.200,7178E64E.200,2017-06-28 01:01:06.568781,2017-06-28 01:01:27.902114,21.333333333333332,8388608,4096000
datasets/ColorSynth/GoMRI-17/2017_South/BUOY200/7178E64F.200,7178E64F.200,2017-06-28 01:01:27.900469,2017-06-28 01:01:49.233802,21.333333333333332,8388608,4096000
datasets/ColorSynth/GoMRI-17/2017_South/BUOY200/7178E650.200,7178E650.200,2017-06-28 01:01:49.232156,2017-06-28 01:02:10.565489,21.333333333333332,8388608,4096000
datasets/ColorSynth/GoMRI-17/2017_South/BUOY200/7178E651.200,7178E651.200,2017-06-28 01:02:10.563813,2017-06-28 01:02:31.897146,21.333333333333332,8388608,4096000
datasets/ColorSynth/GoMRI-17/2017_South/BUOY200/7178E652.200,7178E652.200,2017-06-28 01:02:31.895500,2017-06-28 01:02:53.228833,21.333333333333332,8388608,4096000
datasets/ColorSynth/GoMRI-17/2017_South/BUOY200/7178E653.200,7178E653.200,2017-06-28 01:02:53.227187,2017-06-28 01:03:14.560520,21.333333333333332,8388608,4096000
datasets/ColorSynth/GoMRI-17/2017_South/BUOY200/7178E654.200,7178E654.200,2017-06-28 01:03:14.558875,2017-06-28 01:03:35.892208,21.333333333333332,8388608,4096000
datasets/ColorSynth/GoMRI-17/2017_South/BUOY200/7178E655.200,7178E655.200,2017-06-28 01:03:35.890562,2017-06-28 01:03:57.223895,21.333333333333332,8388608,4096000
datasets/ColorSynth/GoMRI-17/2017_South/BUOY200/7178E656.200,7178E656.200,2017-06-28 01:03:57.222219,2017-06-28 01:04:18.555552,21.333333333333332,8388608,4096000
datasets/ColorSynth/GoMRI-17/2017_South/BUOY200/7178E657.200,7178E657.200,2017-06-28 01:04:18.553906,2017-06-28 01:04:39.887239,21.333333333333332,8388608,4096000
datasets/ColorSynth/GoMRI-17/2017_South/BUOY200/7178E658.200,7178E658.200,2017-06-28 01:04:39.885594,2017-06-28 01:05:01.218927,21.333333333333332,8388608,4096000
datasets/ColorSynth/GoMRI-17/2017_South/BUOY200/7178E659.200,7178E659.200,2017-06-28 01:05:01.217281,2017-06-28 01:05:22.550614,21.333333333333332,8388608,4096000
datasets/ColorSynth/GoMRI-17/2017_South/BUOY200/7178E65A.200,7178E65A.200,2017-06-28 01:05:22.548937,2017-06-28 01:05:43.882270,21.333333333333332,8388608,4096000
datasets/ColorSynth/GoMRI-17/2017_South/BUOY200/7178E65B.200,7178E65B.200,2017-06-28 01:05:43.880625,2017-06-28 01:06:05.213958,21.333333333333332,8388608,4096000
datasets/ColorSynth/GoMRI-17/2017_South/BUOY200/7178E65C.200,7178E65C.200,2017-06-28 01:06:05.212312,2017-06-28 01:06:26.545645,21.333333333333332,8388608,4096000
datasets/ColorSynth/GoMRI-17/2017_South/BUOY200/7178E65D.200,7178E65D.200,2017-06-28 01:06:26.544000,2017-06-28 01:06:47.877333,21.333333333333332,8388608,4096000
datasets/ColorSynth/GoMRI-17/2017_South/BUOY200/7178E65E.200,7178E65E.200,2017-06-28 01:06:47.875656,2017-06-28 01:07:09.208989,21.333333333333332,8388608,4096000
datasets/ColorSynth/GoMRI-17/2017_South/BUOY200/7178E65F.200,7178E65F.200,2017-06-28 01:07:09.207344,2017-06-28 01:07:30.540677,21.333333333333332,8388608,4096000
datasets/ColorSynth/GoMRI-17/2017_South/BUOY200/7178E660.200,7178E660.200,2017-06-28 01:07:30.539031,2017-06-28 01:07:51.872364,21.333333333333332,8388608,4096000
datasets/ColorSynth/GoMRI-17/2017_South/BUOY200/7178E661.200,7178E661.200,2017-06-28 01:07:51.870719,2017-06-28 01:08:13.204052,21.333333333333332,8388608,4096000
datasets/ColorSynth/GoMRI-17/2017_South/BUOY200/7178E662.200,7178E662.200,2017-06-28 01:08:13.202375,2017-06-28 01:08:34.535708,21.333333333333332,8388608,4096000
datasets/ColorSynth/GoMRI-17/2017_South/BUOY200/7178E663.200,7178E663.200,2017-06-28 01:08:34.534062,2017-06-28 01:08:55.867395,21.333333333333332,8388608,4096000
datasets/ColorSynth/GoMRI-17/2017_South/BUOY200/7178E664.200,7178E664.200,2017-06-28 01:08:55.865750,2017-06-28 01:09:17.199083,21.333333333333332,8388608,4096000
datasets/ColorSynth/GoMRI-17/2017_South/BUOY200/7178E665.200,7178E665.200,2017-06-28 01:09:17.197438,2017-06-28 01:09:38.530771,21.333333333333332,8388608,4096000
datasets/ColorSynth/GoMRI-17/2017_South/BUOY200/7178E666.200,7178E666.200,2017-06-28 01:09:38.529125,2017-06-28 01:09:59.862458,21.333333333333332,8388608,4096000
datasets/ColorSynth/GoMRI-17/2017_South/BUOY200/7178E667.200,7178E667.200,2017-06-28 01:09:59.860781,2017-06-28 01:10:21.194114,21.333333333333332,8388608,4096000
datasets/ColorSynth/GoMRI-17/2017_South/BUOY200/7178E668.200,7178E668.200,2017-06-28 01:10:21.192469,2017-06-28 01:10:42.525802,21.333333333333332,8388608,4096000
datasets/ColorSynth/GoMRI-17/2017_South/BUOY200/7178E669.200,7178E669.200,2017-06-28 01:10:42.524156,2017-06-28 01:11:03.857489,21.333333333333332,8388608,4096000
datasets/ColorSynth/GoMRI-17/2017_South/BUOY200/7178E66A.200,7178E66A.200,2017-06-28 01:11:03.855844,2017-06-28 01:11:25.189177,21.333333333333332,8388608,4096000
datasets/ColorSynth/GoMRI-17/2017_South/BUOY200/7178E66B.200,7178E66B.200,2017-06-28 01:11:25.187500,2017-06-28 01:11:46.520833,21.333333333333332,8388608,4096000
datasets/ColorSynth/GoMRI-17/2017_South/BUOY200/7178E66C.200,7178E66C.200,2017-06-28 01:11:46.519188,2017-06-28 01:12:07.852521,21.333333333333332,8388608,4096000
datasets/ColorSynth/GoMRI-17/2017_South/BUOY200/7178E66D.200,7178E66D.200,2017-06-28 01:12:07.850875,2017-06-28 01:12:29.184208,21.333333333333332,8388608,4096000
datasets/ColorSynth/GoMRI-17/2017_South/BUOY200/7178E66E.200,7178E66E.200,2017-06-28 01:12:29.182563,2017-06-28 01:12:50.515896,21.333333333333332,8388608,4096000
datasets/ColorSynth/GoMRI-17/2017_South/BUOY200/7178E66F.200,7178E66F.200,2017-06-28 01:12:50.514219,2017-06-28 01:13:11.847552,21.333333333333332,8388608,4096000
datasets/ColorSynth/GoMRI-17/2017_South/BUOY200/7178E670.200,7178E670.200,2017-06-28 01:13:11.845906,2017-06-28 01:13:33.179239,21.333333333333332,8388608,4096000
datasets/ColorSynth/GoMRI-17/2017_South/BUOY200/7178E671.200,7178E671.200,2017-06-28 01:13:33.177594,2017-06-28 01:13:54.510927,21.333333333333332,8388608,4096000
datasets/ColorSynth/GoMRI-17/2017_South/BUOY200/7178E672.200,7178E672.200,2017-06-28 01:13:54.509281,2017-06-28 01:14:15.842614,21.333333333333332,8388608,4096000
datasets/ColorSynth/GoMRI-17/2017_South/BUOY200/7178E673.200,7178E673.200,2017-06-28 01:14:15.840969,2017-06-28 01:14:37.174302,21.333333333333332,8388608,4096000
datasets/ColorSynth/GoMRI-17/2017_South/BUOY200/7178E674.200,7178E674.200,2017-06-28 01:14:37.172625,2017-06-28 01:14:58.505958,21.333333333333332,8388608,4096000
datasets/ColorSynth/GoMRI-17/2017_South/BUOY200/7178E675.200,7178E675.200,2017-06-28 01:14:58.504313,2017-06-28 01:15:19.837646,21.333333333333332,8388608,4096000
datasets/ColorSynth/GoMRI-17/2017_South/BUOY200/7178E676.200,7178E676.200,2017-06-28 01:15:19.836000,2017-06-28 01:15:41.169333,21.333333333333332,8388608,4096000
datasets/ColorSynth/GoMRI-17/2017_South/BUOY200/7178E677.200,7178E677.200,2017-06-28 01:15:41.167687,2017-06-28 01:16:02.501020,21.333333333333332,8388608,4096000
datasets/ColorSynth/GoMRI-17/2017_South/BUOY200/7178E678.200,7178E678.200,2017-06-28 01:16:02.499344,2017-06-28 01:16:23.832677,21.333333333333332,8388608,4096000
datasets/ColorSynth/GoMRI-17/2017_South/BUOY200/7178E679.200,7178E679.200,2017-06-28 01:16:23.831031,2017-06-28 01:16:45.164364,21.333333333333332,8388608,4096000
datasets/ColorSynth/GoMRI-17/2017_South/BUOY200/7178E67A.200,7178E67A.200,2017-06-28 01:16:45.162719,2017-06-28 01:17:06.496052,21.333333333333332,8388608,4096000
datasets/ColorSynth/GoMRI-17/2017_South/BUOY200/7178E67B.200,7178E67B.200,2017-06-28 01:17:06.494406,2017-06-28 01:17:27.827739,21.333333333333332,8388608,4096000
datasets/ColorSynth/GoMRI-17/2017_South/BUOY200/7178E67C.200,7178E67C.200,2017-06-28 01:17:27.826063,2017-06-28 01:17:49.159396,21.333333333333332,8388608,4096000
datasets/ColorSynth/GoMRI-17/2017_South/BUOY200/7178E67D.200,7178E67D.200,2017-06-28 01:17:49.157750,2017-06-28 01:18:10.491083,21.333333333333332,8388608,4096000
datasets/ColorSynth/GoMRI-17/2017_South/BUOY200/7178E67E.200,7178E67E.200,2017-06-28 01:18:10.489437,2017-06-28 01:18:31.822770,21.333333333333332,8388608,4096000
datasets/ColorSynth/GoMRI-17/2017_South/BUOY200/7178E67F.200,7178E67F.200,2017-06-28 01:18:31.821125,2017-06-28 01:18:53.154458,21.333333333333332,8388608,4096000
datasets/ColorSynth/GoMRI-17/2017_South/BUOY200/7178E680.200,7178E680.200,2017-06-28 01:18:53.152813,2017-06-28 01:19:14.486146,21.333333333333332,8388608,4096000
datasets/ColorSynth/GoMRI-17/2017_South/BUOY200/7178E681.200,7178E681.200,2017-06-28 01:19:14.484469,2017-06-28 01:19:35.817802,21.333333333333332,8388608,4096000
datasets/ColorSynth/GoMRI-17/2017_South/BUOY200/7178E682.200,7178E682.200,2017-06-28 01:19:35.816156,2017-06-28 01:19:57.149489,21.333333333333332,8388608,4096000
datasets/ColorSynth/GoMRI-17/2017_South/BUOY200/7178E683.200,7178E683.200,2017-06-28 01:19:57.147844,2017-06-28 01:20:18.481177,21.333333333333332,8388608,4096000
datasets/ColorSynth/GoMRI-17/2017_South/BUOY200/7178E684.200,7178E684.200,2017-06-28 01:20:18.479531,2017-06-28 01:20:39.812864,21.333333333333332,8388608,4096000
datasets/ColorSynth/GoMRI-17/2017_South/BUOY200/7178E685.200,7178E685.200,2017-06-28 01:20:39.811187,2017-06-28 01:21:01.144520,21.333333333333332,8388608,4096000
datasets/ColorSynth/GoMRI-17/2017_South/BUOY200/7178E686.200,7178E686.200,2017-06-28 01:21:01.142875,2017-06-28 01:21:22.476208,21.333333333333332,8388608,4096000
datasets/ColorSynth/GoMRI-17/2017_South/BUOY200/7178E687.200,7178E687.200,2017-06-28 01:21:22.474563,2017-06-28 01:21:43.807896,21.333333333333332,8388608,4096000
datasets/ColorSynth/GoMRI-17/2017_South/BUOY200/7178E688.200,7178E688.200,2017-06-28 01:21:43.806250,2017-06-28 01:22:05.139583,21.333333333333332,8388608,4096000
datasets/ColorSynth/GoMRI-17/2017_South/BUOY200/7178E689.200,7178E689.200,2017-06-28 01:22:05.137906,2017-06-28 01:22:26.471239,21.333333333333332,8388608,4096000
datasets/ColorSynth/GoMRI-17/2017_South/BUOY200/7178E68A.200,7178E68A.200,2017-06-28 01:22:26.469594,2017-06-28 01:22:47.802927,21.333333333333332,8388608,4096000
datasets/ColorSynth/GoMRI-17/2017_South/BUOY200/7178E68B.200,7178E68B.200,2017-06-28 01:22:47.801281,2017-06-28 01:23:09.134614,21.333333333333332,8388608,4096000
datasets/ColorSynth/GoMRI-17/2017_South/BUOY200/7178E68C.200,7178E68C.200,2017-06-28 01:23:09.132969,2017-06-28 01:23:30.466302,21.333333333333332,8388608,4096000
datasets/ColorSynth/GoMRI-17/2017_South/BUOY200/7178E68D.200,7178E68D.200,2017-06-28 01:23:30.464656,2017-06-28 01:23:51.797989,21.333333333333332,8388608,4096000
datasets/ColorSynth/GoMRI-17/2017_South/BUOY200/7178E68E.200,7178E68E.200,2017-06-28 01:23:51.796313,2017-06-28 01:24:13.129646,21.333333333333332,8388608,4096000
datasets/ColorSynth/GoMRI-17/2017_South/BUOY200/7178E68F.200,7178E68F.200,2017-06-28 01:24:13.128000,2017-06-28 01:24:34.461333,21.333333333333332,8388608,4096000
datasets/ColorSynth/GoMRI-17/2017_South/BUOY200/7178E690.200,7178E690.200,2017-06-28 01:24:34.459688,2017-06-28 01:24:55.793021,21.333333333333332,8388608,4096000
datasets/ColorSynth/GoMRI-17/2017_South/BUOY200/7178E691.200,7178E691.200,2017-06-28 01:24:55.791375,2017-06-28 01:25:17.124708,21.333333333333332,8388608,4096000
datasets/ColorSynth/GoMRI-17/2017_South/BUOY200/7178E692.200,7178E692.200,2017-06-28 01:25:17.123031,2017-06-28 01:25:38.456364,21.333333333333332,8388608,4096000
datasets/ColorSynth/GoMRI-17/2017_South/BUOY200/7178E693.200,7178E693.200,2017-06-28 01:25:38.454719,2017-06-28 01:25:59.788052,21.333333333333332,8388608,4096000
datasets/ColorSynth/GoMRI-17/2017_South/BUOY200/7178E694.200,7178E694.200,2017-06-28 01:25:59.786406,2017-06-28 01:26:21.119739,21.333333333333332,8388608,4096000
datasets/ColorSynth/GoMRI-17/2017_South/BUOY200/7178E695.200,7178E695.200,2017-06-28 01:26:21.118094,2017-06-28 01:26:42.451427,21.333333333333332,8388608,4096000
datasets/ColorSynth/GoMRI-17/2017_South/BUOY200/7178E696.200,7178E696.200,2017-06-28 01:26:42.449750,2017-06-28 01:27:03.783083,21.333333333333332,8388608,4096000
datasets/ColorSynth/GoMRI-17/2017_South/BUOY200/7178E697.200,7178E697.200,2017-06-28 01:27:03.781438,2017-06-28 01:27:25.114771,21.333333333333332,8388608,4096000
datasets/ColorSynth/GoMRI-17/2017_South/BUOY200/7178E698.200,7178E698.200,2017-06-28 01:27:25.113125,2017-06-28 01:27:46.446458,21.333333333333332,8388608,4096000
datasets/ColorSynth/GoMRI-17/2017_South/BUOY200/7178E699.200,7178E699.200,2017-06-28 01:27:46.444812,2017-06-28 01:28:07.778145,21.333333333333332,8388608,4096000
datasets/ColorSynth/GoMRI-17/2017_South/BUOY200/7178E69A.200,7178E69A.200,2017-06-28 01:28:07.776500,2017-06-28 01:28:29.109833,21.333333333333332,8388608,4096000
datasets/ColorSynth/GoMRI-17/2017_South/BUOY200/7178E69B.200,7178E69B.200,2017-06-28 01:28:29.108156,2017-06-28 01:28:50.441489,21.333333333333332,8388608,4096000
datasets/ColorSynth/GoMRI-17/2017_South/BUOY200/7178E69C.200,7178E69C.200,2017-06-28 01:28:50.439844,2017-06-28 01:29:11.773177,21.333333333333332,8388608,4096000
datasets/ColorSynth/GoMRI-17/2017_South/BUOY200/7178E69D.200,7178E69D.200,2017-06-28 01:29:11.771531,2017-06-28 01:29:33.104864,21.333333333333332,8388608,4096000
datasets/ColorSynth/GoMRI-17/2017_South/BUOY200/7178E69E.200,7178E69E.200,2017-06-28 01:29:33.103219,2017-06-28 01:29:54.436552,21.333333333333332,8388608,4096000
datasets/ColorSynth/GoMRI-17/2017_South/BUOY200/7178E69F.200,7178E69F.200,2017-06-28 01:29:54.434875,2017-06-28 01:30:15.768208,21.333333333333332,8388608,4096000
datasets/ColorSynth/GoMRI-17/2017_South/BUOY200/7178E6A0.200,7178E6A0.200,2017-06-28 01:30:15.766562,2017-06-28 01:30:37.099895,21.333333333333332,8388608,4096000
datasets/ColorSynth/GoMRI-17/2017_South/BUOY200/7178E6A1.200,7178E6A1.200,2017-06-28 01:30:37.098250,2017-06-28 01:30:58.431583,21.333333333333332,8388608,4096000
datasets/ColorSynth/GoMRI-17/2017_South/BUOY200/7178E6A2.200,7178E6A2.200,2017-06-28 01:30:58.429937,2017-06-28 01:31:19.763270,21.333333333333332,8388608,4096000
datasets/ColorSynth/GoMRI-17/2017_South/BUOY200/7178E6A3.200,7178E6A3.200,2017-06-28 01:31:19.761594,2017-06-28 01:31:41.094927,21.333333333333332,8388608,4096000
datasets/ColorSynth/GoMRI-17/2017_South/BUOY200/7178E6A4.200,7178E6A4.200,2017-06-28 01:31:41.093281,2017-06-28 01:32:02.426614,21.333333333333332,8388608,4096000
datasets/ColorSynth/GoMRI-17/2017_South/BUOY200/7178E6A5.200,7178E6A5.200,2017-06-28 01:32:02.424969,2017-06-28 01:32:23.758302,21.333333333333332,8388608,4096000
datasets/ColorSynth/GoMRI-17/2017_South/BUOY200/7178E6A6.200,7178E6A6.200,2017-06-28 01:32:23.756656,2017-06-28 01:32:45.089989,21.333333333333332,8388608,4096000
datasets/ColorSynth/GoMRI-17/2017_South/BUOY200/7178E6A7.200,7178E6A7.200,2017-06-28 01:32:45.088344,2017-06-28 01:33:06.421677,21.333333333333332,8388608,4096000
datasets/ColorSynth/GoMRI-17/2017_South/BUOY200/7178E6A8.200,7178E6A8.200,2017-06-28 01:33:06.420000,2017-06-28 01:33:27.753333,21.333333333333332,8388608,4096000
datasets/ColorSynth/GoMRI-17/2017_South/BUOY200/7178E6A9.200,7178E6A9.200,2017-06-28 01:33:27.751687,2017-06-28 01:33:49.085020,21.333333333333332,8388608,4096000
datasets/ColorSynth/GoMRI-17/2017_South/BUOY200/7178E6AA.200,7178E6AA.200,2017-06-28 01:33:49.083375,2017-06-28 01:34:10.416708,21.333333333333332,8388608,4096000
datasets/ColorSynth/GoMRI-17/2017_South/BUOY200/7178E6AB.200,7178E6AB.200,2017-06-28 01:34:10.415063,2017-06-28 01:34:31.748396,21.333333333333332,8388608,4096000
datasets/ColorSynth/GoMRI-17/2017_South/BUOY200/7178E6AC.200,7178E6AC.200,2017-06-28 01:34:31.746719,2017-06-28 01:34:53.080052,21.333333333333332,8388608,4096000
datasets/ColorSynth/GoMRI-17/2017_South/BUOY200/7178E6AD.200,7178E6AD.200,2017-06-28 01:34:53.078406,2017-06-28 01:35:14.411739,21.333333333333332,8388608,4096000
datasets/ColorSynth/GoMRI-17/2017_South/BUOY200/7178E6AE.200,7178E6AE.200,2017-06-28 01:35:14.410094,2017-06-28 01:35:35.743427,21.333333333333332,8388608,4096000
datasets/ColorSynth/GoMRI-17/2017_South/BUOY200/7178E6AF.200,7178E6AF.200,2017-06-28 01:35:35.741781,2017-06-28 01:35:57.075114,21.333333333333332,8388608,4096000
datasets/ColorSynth/GoMRI-17/2017_South/BUOY200/7178E6B0.200,7178E6B0.200,2017-06-28 01:35:57.073437,2017-06-28 01:36:18.406770,21.333333333333332,8388608,4096000
datasets/ColorSynth/GoMRI-17/2017_South/BUOY200/7178E6B1.200,7178E6B1.200,2017-06-28 01:36:18.405125,2017-06-28 01:36:39.738458,21.333333333333332,8388608,4096000
datasets/ColorSynth/GoMRI-17/2017_South/BUOY200/7178E6B2.200,7178E6B2.200,2017-06-28 01:36:39.736813,2017-06-28 01:37:01.070146,21.333333333333332,8388608,4096000
datasets/ColorSynth/GoMRI-17/2017_South/BUOY200/7178E6B3.200,7178E6B3.200,2017-06-28 01:37:01.068500,2017-06-28 01:37:22.401833,21.333333333333332,8388608,4096000
datasets/ColorSynth/GoMRI-17/2017_South/BUOY200/7178E6B4.200,7178E6B4.200,2017-06-28 01:37:22.400187,2017-06-28 01:37:43.733520,21.333333333333332,8388608,4096000
datasets/ColorSynth/GoMRI-17/2017_South/BUOY200/7178E6B5.200,7178E6B5.200,2017-06-28 01:37:43.731844,2017-06-28 01:38:05.065177,21.333333333333332,8388608,4096000
datasets/ColorSynth/GoMRI-17/2017_South/BUOY200/7178E6B6.200,7178E6B6.200,2017-06-28 01:38:05.063531,2017-06-28 01:38:26.396864,21.333333333333332,8388608,4096000
datasets/ColorSynth/GoMRI-17/2017_South/BUOY200/7178E6B7.200,7178E6B7.200,2017-06-28 01:38:26.395219,2017-06-28 01:38:47.728552,21.333333333333332,8388608,4096000
datasets/ColorSynth/GoMRI-17/2017_South/BUOY200/7178E6B8.200,7178E6B8.200,2017-06-28 01:38:47.726906,2017-06-28 01:39:09.060239,21.333333333333332,8388608,4096000
datasets/ColorSynth/GoMRI-17/2017_South/BUOY200/7178E6B9.200,7178E6B9.200,2017-06-28 01:39:09.058563,2017-06-28 01:39:30.391896,21.333333333333332,8388608,4096000
datasets/ColorSynth/GoMRI-17/2017_South/BUOY200/7178E6BA.200,7178E6BA.200,2017-06-28 01:39:30.390250,2017-06-28 01:39:51.723583,21.333333333333332,8388608,4096000
datasets/ColorSynth/GoMRI-17/2017_South/BUOY200/7178E6BB.200,7178E6BB.200,2017-06-28 01:39:51.721937,2017-06-28 01:40:13.055270,21.333333333333332,8388608,4096000
datasets/ColorSynth/GoMRI-17/2017_South/BUOY200/7178E6BC.200,7178E6BC.200,2017-06-28 01:40:13.053625,2017-06-28 01:40:34.386958,21.333333333333332,8388608,4096000
datasets/ColorSynth/GoMRI-17/2017_South/BUOY200/7178E6BD.200,7178E6BD.200,2017-06-28 01:40:34.385281,2017-06-28 01:40:55.718614,21.333333333333332,8388608,4096000
datasets/ColorSynth/GoMRI-17/2017_South/BUOY200/7178E6BE.200,7178E6BE.200,2017-06-28 01:40:55.716969,2017-06-28 01:41:17.050302,21.333333333333332,8388608,4096000
datasets/ColorSynth/GoMRI-17/2017_South/BUOY200/7178E6BF.200,7178E6BF.200,2017-06-28 01:41:17.048656,2017-06-28 01:41:38.381989,21.333333333333332,8388608,4096000
datasets/ColorSynth/GoMRI-17/2017_South/BUOY200/7178E6C0.200,7178E6C0.200,2017-06-28 01:41:38.380344,2017-06-28 01:41:59.713677,21.333333333333332,8388608,4096000
datasets/ColorSynth/GoMRI-17/2017_South/BUOY200/7178E6C1.200,7178E6C1.200,2017-06-28 01:41:59.712031,2017-06-28 01:42:21.045364,21.333333333333332,8388608,4096000
datasets/ColorSynth/GoMRI-17/2017_South/BUOY200/7178E6C2.200,7178E6C2.200,2017-06-28 01:42:21.043688,2017-06-28 01:42:42.377021,21.333333333333332,8388608,4096000
datasets/ColorSynth/GoMRI-17/2017_South/BUOY200/7178E6C3.200,7178E6C3.200,2017-06-28 01:42:42.375375,2017-06-28 01:43:03.708708,21.333333333333332,8388608,4096000
datasets/ColorSynth/GoMRI-17/2017_South/BUOY200/7178E6C4.200,7178E6C4.200,2017-06-28 01:43:03.707062,2017-06-28 01:43:25.040395,21.333333333333332,8388608,4096000
datasets/ColorSynth/GoMRI-17/2017_South/BUOY200/7178E6C5.200,7178E6C5.200,2017-06-28 01:43:25.038750,2017-06-28 01:43:46.372083,21.333333333333332,8388608,4096000
datasets/ColorSynth/GoMRI-17/2017_South/BUOY200/7178E6C6.200,7178E6C6.200,2017-06-28 01:43:46.370406,2017-06-28 01:44:07.703739,21.333333333333332,8388608,4096000
datasets/ColorSynth/GoMRI-17/2017_South/BUOY200/7178E6C7.200,7178E6C7.200,2017-06-28 01:44:07.702094,2017-06-28 01:44:29.035427,21.333333333333332,8388608,4096000
datasets/ColorSynth/GoMRI-17/2017_South/BUOY200/7178E6C8.200,7178E6C8.200,2017-06-28 01:44:29.033781,2017-06-28 01:44:50.367114,21.333333333333332,8388608,4096000
datasets/ColorSynth/GoMRI-17/2017_South/BUOY200/7178E6C9.200,7178E6C9.200,2017-06-28 01:44:50.365469,2017-06-28 01:45:11.698802,21.333333333333332,8388608,4096000
datasets/ColorSynth/GoMRI-17/2017_South/BUOY200/7178E6CA.200,7178E6CA.200,2017-06-28 01:45:11.697125,2017-06-28 01:45:33.030458,21.333333333333332,8388608,4096000
datasets/ColorSynth/GoMRI-17/2017_South/BUOY200/7178E6CB.200,7178E6CB.200,2017-06-28 01:45:33.028812,2017-06-28 01:45:54.362145,21.333333333333332,8388608,4096000
datasets/ColorSynth/GoMRI-17/2017_South/BUOY200/7178E6CC.200,7178E6CC.200,2017-06-28 01:45:54.360500,2017-06-28 01:46:15.693833,21.333333333333332,8388608,4096000
datasets/ColorSynth/GoMRI-17/2017_South/BUOY200/7178E6CD.200,7178E6CD.200,2017-06-28 01:46:15.692188,2017-06-28 01:46:37.025521,21.333333333333332,8388608,4096000
datasets/ColorSynth/GoMRI-17/2017_South/BUOY200/7178E6CE.200,7178E6CE.200,2017-06-28 01:46:37.023875,2017-06-28 01:46:58.357208,21.333333333333332,8388608,4096000
datasets/ColorSynth/GoMRI-17/2017_South/BUOY200/7178E6CF.200,7178E6CF.200,2017-06-28 01:46:58.355531,2017-06-28 01:47:19.688864,21.333333333333332,8388608,4096000
datasets/ColorSynth/GoMRI-17/2017_South/BUOY200/7178E6D0.200,7178E6D0.200,2017-06-28 01:47:19.687219,2017-06-28 01:47:41.020552,21.333333333333332,8388608,4096000
datasets/ColorSynth/GoMRI-17/2017_South/BUOY200/7178E6D1.200,7178E6D1.200,2017-06-28 01:47:41.018906,2017-06-28 01:48:02.352239,21.333333333333332,8388608,4096000
datasets/ColorSynth/GoMRI-17/2017_South/BUOY200/7178E6D2.200,7178E6D2.200,2017-06-28 01:48:02.350594,2017-06-28 01:48:23.683927,21.333333333333332,8388608,4096000
datasets/ColorSynth/GoMRI-17/2017_South/BUOY200/7178E6D3.200,7178E6D3.200,2017-06-28 01:48:23.682250,2017-06-28 01:48:45.015583,21.333333333333332,8388608,4096000
datasets/ColorSynth/GoMRI-17/2017_South/BUOY200/7178E6D4.200,7178E6D4.200,2017-06-28 01:48:45.013938,2017-06-28 01:49:06.347271,21.333333333333332,8388608,4096000
datasets/ColorSynth/GoMRI-17/2017_South/BUOY200/7178E6D5.200,7178E6D5.200,2017-06-28 01:49:06.345625,2017-06-28 01:49:27.678958,21.333333333333332,8388608,4096000
datasets/ColorSynth/GoMRI-17/2017_South/BUOY200/7178E6D6.200,7178E6D6.200,2017-06-28 01:49:27.677313,2017-06-28 01:49:49.010646,21.333333333333332,8388608,4096000
datasets/ColorSynth/GoMRI-17/2017_South/BUOY200/7178E6D7.200,7178E6D7.200,2017-06-28 01:49:49.008969,2017-06-28 01:50:10.342302,21.333333333333332,8388608,4096000
datasets/ColorSynth/GoMRI-17/2017_South/BUOY200/7178E6D8.200,7178E6D8.200,2017-06-28 01:50:10.340656,2017-06-28 01:50:31.673989,21.333333333333332,8388608,4096000
datasets/ColorSynth/GoMRI-17/2017_South/BUOY200/7178E6D9.200,7178E6D9.200,2017-06-28 01:50:31.672344,2017-06-28 01:50:53.005677,21.333333333333332,8388608,4096000
datasets/ColorSynth/GoMRI-17/2017_South/BUOY200/7178E6DA.200,7178E6DA.200,2017-06-28 01:50:53.004031,2017-06-28 01:51:14.337364,21.333333333333332,8388608,4096000
datasets/ColorSynth/GoMRI-17/2017_South/BUOY200/7178E6DB.200,7178E6DB.200,2017-06-28 01:51:14.335719,2017-06-28 01:51:35.669052,21.333333333333332,8388608,4096000
datasets/ColorSynth/GoMRI-17/2017_South/BUOY200/7178E6DC.200,7178E6DC.200,2017-06-28 01:51:35.667375,2017-06-28 01:51:57.000708,21.333333333333332,8388608,4096000
datasets/ColorSynth/GoMRI-17/2017_South/BUOY200/7178E6DD.200,7178E6DD.200,2017-06-28 01:51:56.999063,2017-06-28 01:52:18.332396,21.333333333333332,8388608,4096000
datasets/ColorSynth/GoMRI-17/2017_South/BUOY200/7178E6DE.200,7178E6DE.200,2017-06-28 01:52:18.330750,2017-06-28 01:52:39.664083,21.333333333333332,8388608,4096000
datasets/ColorSynth/GoMRI-17/2017_South/BUOY200/7178E6DF.200,7178E6DF.200,2017-06-28 01:52:39.662437,2017-06-28 01:53:00.995770,21.333333333333332,8388608,4096000
datasets/ColorSynth/GoMRI-17/2017_South/BUOY200/7178E6E0.200,7178E6E0.200,2017-06-28 01:53:00.994094,2017-06-28 01:53:22.327427,21.333333333333332,8388608,4096000
datasets/ColorSynth/GoMRI-17/2017_South/BUOY200/7178E6E1.200,7178E6E1.200,2017-06-28 01:53:22.325781,2017-06-28 01:53:43.659114,21.333333333333332,8388608,4096000
datasets/ColorSynth/GoMRI-17/2017_South/BUOY200/7178E6E2.200,7178E6E2.200,2017-06-28 01:53:43.657469,2017-06-28 01:54:04.990802,21.333333333333332,8388608,4096000
datasets/ColorSynth/GoMRI-17/2017_South/BUOY200/7178E6E3.200,7178E6E3.200,2017-06-28 01:54:04.989156,2017-06-28 01:54:26.322489,21.333333333333332,8388608,4096000
datasets/ColorSynth/GoMRI-17/2017_South/BUOY200/7178E6E4.200,7178E6E4.200,2017-06-28 01:54:26.320813,2017-06-28 01:54:47.654146,21.333333333333332,8388608,4096000
datasets/ColorSynth/GoMRI-17/2017_South/BUOY200/7178E6E5.200,7178E6E5.200,2017-06-28 01:54:47.652500,2017-06-28 01:55:08.985833,21.333333333333332,8388608,4096000
datasets/ColorSynth/GoMRI-17/2017_South/BUOY200/7178E6E6.200,7178E6E6.200,2017-06-28 01:55:08.984187,2017-06-28 01:55:30.317520,21.333333333333332,8388608,4096000
datasets/ColorSynth/GoMRI-17/2017_South/BUOY200/7178E6E7.200,7178E6E7.200,2017-06-28 01:55:30.315875,2017-06-28 01:55:51.649208,21.333333333333332,8388608,4096000
datasets/ColorSynth/GoMRI-17/2017_South/BUOY200/7178E6E8.200,7178E6E8.200,2017-06-28 01:55:51.647562,2017-06-28 01:56:12.980895,21.333333333333332,8388608,4096000
datasets/ColorSynth/GoMRI-17/2017_South/BUOY200/7178E6E9.200,7178E6E9.200,2017-06-28 01:56:12.979219,2017-06-28 01:56:34.312552,21.333333333333332,8388608,4096000
datasets/ColorSynth/GoMRI-17/2017_South/BUOY200/7178E6EA.200,7178E6EA.200,2017-06-28 01:56:34.310906,2017-06-28 01:56:55.644239,21.333333333333332,8388608,4096000
datasets/ColorSynth/GoMRI-17/2017_South/BUOY200/7178E6EB.200,7178E6EB.200,2017-06-28 01:56:55.642594,2017-06-28 01:57:16.975927,21.333333333333332,8388608,4096000
datasets/ColorSynth/GoMRI-17/2017_South/BUOY200/7178E6EC.200,7178E6EC.200,2017-06-28 01:57:16.974281,2017-06-28 01:57:38.307614,21.333333333333332,8388608,4096000
datasets/ColorSynth/GoMRI-17/2017_South/BUOY200/7178E6ED.200,7178E6ED.200,2017-06-28 01:57:38.305937,2017-06-28 01:57:59.639270,21.333333333333332,8388608,4096000
datasets/ColorSynth/GoMRI-17/2017_South/BUOY200/7178E6EE.200,7178E6EE.200,2017-06-28 01:57:59.637625,2017-06-28 01:58:20.970958,21.333333333333332,8388608,4096000
datasets/ColorSynth/GoMRI-17/2017_South/BUOY200/7178E6EF.200,7178E6EF.200,2017-06-28 01:58:20.969312,2017-06-28 01:58:42.302645,21.333333333333332,8388608,4096000
datasets/ColorSynth/GoMRI-17/2017_South/BUOY200/7178E6F0.200,7178E6F0.200,2017-06-28 01:58:42.301000,2017-06-28 01:59:03.634333,21.333333333333332,8388608,4096000
datasets/ColorSynth/GoMRI-17/2017_South/BUOY200/7178E6F1.200,7178E6F1.200,2017-06-28 01:59:03.632656,2017-06-28 01:59:24.965989,21.333333333333332,8388608,4096000
datasets/ColorSynth/GoMRI-17/2017_South/BUOY200/7178E6F2.200,7178E6F2.200,2017-06-28 01:59:24.964344,2017-06-28 01:59:46.297677,21.333333333333332,8388608,4096000
datasets/ColorSynth/GoMRI-17/2017_South/BUOY200/7178E6F3.200,7178E6F3.200,2017-06-28 01:59:46.296031,2017-06-28 02:00:07.629364,21.333333333333332,8388608,4096000
datasets/ColorSynth/GoMRI-17/2017_South/BUOY200/7178E6F4.200,7178E6F4.200,2017-06-28 02:00:07.627719,2017-06-28 02:00:28.961052,21.333333333333332,8388608,4096000
datasets/ColorSynth/GoMRI-17/2017_South/BUOY200/7178E6F5.200,7178E6F5.200,2017-06-28 02:00:28.959406,2017-06-28 02:00:50.292739,21.333333333333332,8388608,4096000
datasets/ColorSynth/GoMRI-17/2017_South/BUOY200/7178E6F6.200,7178E6F6.200,2017-06-28 02:00:50.291062,2017-06-28 02:01:11.624395,21.333333333333332,8388608,4096000
datasets/ColorSynth/GoMRI-17/2017_South/BUOY200/7178E6F7.200,7178E6F7.200,2017-06-28 02:01:11.622750,2017-06-28 02:01:32.956083,21.333333333333332,8388608,4096000
datasets/ColorSynth/GoMRI-17/2017_South/BUOY200/7178E6F8.200,7178E6F8.200,2017-06-28 02:01:32.954438,2017-06-28 02:01:54.287771,21.333333333333332,8388608,4096000
datasets/ColorSynth/GoMRI-17/2017_South/BUOY200/7178E6F9.200,7178E6F9.200,2017-06-28 02:01:54.286125,2017-06-28 02:02:15.619458,21.333333333333332,8388608,4096000
datasets/ColorSynth/GoMRI-17/2017_South/BUOY200/7178E6FA.200,7178E6FA.200,2017-06-28 02:02:15.617781,2017-06-28 02:02:36.951114,21.333333333333332,8388608,4096000
datasets/ColorSynth/GoMRI-17/2017_South/BUOY200/7178E6FB.200,7178E6FB.200,2017-06-28 02:02:36.949469,2017-06-28 02:02:58.282802,21.333333333333332,8388608,4096000
datasets/ColorSynth/GoMRI-17/2017_South/BUOY200/7178E6FC.200,7178E6FC.200,2017-06-28 02:02:58.281156,2017-06-28 02:03:19.614489,21.333333333333332,8388608,4096000
datasets/ColorSynth/GoMRI-17/2017_South/BUOY200/7178E6FD.200,7178E6FD.200,2017-06-28 02:03:19.612844,2017-06-28 02:03:40.946177,21.333333333333332,8388608,4096000
datasets/ColorSynth/GoMRI-17/2017_South/BUOY200/7178E6FE.200,7178E6FE.200,2017-06-28 02:03:40.944531,2017-06-28 02:04:02.277864,21.333333333333332,8388608,4096000
datasets/ColorSynth/GoMRI-17/2017_South/BUOY200/7178E6FF.200,7178E6FF.200,2017-06-28 02:04:02.276188,2017-06-28 02:04:23.609521,21.333333333333332,8388608,4096000
datasets/ColorSynth/GoMRI-17/2017_South/BUOY200/7178E700.200,7178E700.200,2017-06-28 02:04:23.607875,2017-06-28 02:04:44.941208,21.333333333333332,8388608,4096000
datasets/ColorSynth/GoMRI-17/2017_South/BUOY200/7178E701.200,7178E701.200,2017-06-28 02:04:44.939562,2017-06-28 02:05:06.272895,21.333333333333332,8388608,4096000
datasets/ColorSynth/GoMRI-17/2017_South/BUOY200/7178E702.200,7178E702.200,2017-06-28 02:05:06.271250,2017-06-28 02:05:27.604583,21.333333333333332,8388608,4096000
datasets/ColorSynth/GoMRI-17/2017_South/BUOY200/7178E703.200,7178E703.200,2017-06-28 02:05:27.602906,2017-06-28 02:05:48.936239,21.333333333333332,8388608,4096000
datasets/ColorSynth/GoMRI-17/2017_South/BUOY200/7178E704.200,7178E704.200,2017-06-28 02:05:48.934594,2017-06-28 02:06:10.267927,21.333333333333332,8388608,4096000
datasets/ColorSynth/GoMRI-17/2017_South/BUOY200/7178E705.200,7178E705.200,2017-06-28 02:06:10.266281,2017-06-28 02:06:31.599614,21.333333333333332,8388608,4096000
datasets/ColorSynth/GoMRI-17/2017_South/BUOY200/7178E706.200,7178E706.200,2017-06-28 02:06:31.597969,2017-06-28 02:06:52.931302,21.333333333333332,8388608,4096000
datasets/ColorSynth/GoMRI-17/2017_South/BUOY200/7178E707.200,7178E707.200,2017-06-28 02:06:52.929625,2017-06-28 02:07:14.262958,21.333333333333332,8388608,4096000
datasets/ColorSynth/GoMRI-17/2017_South/BUOY200/7178E708.200,7178E708.200,2017-06-28 02:07:14.261312,2017-06-28 02:07:35.594645,21.333333333333332,8388608,4096000
datasets/ColorSynth/GoMRI-17/2017_South/BUOY200/7178E709.200,7178E709.200,2017-06-28 02:07:35.593000,2017-06-28 02:07:56.926333,21.333333333333332,8388608,4096000
datasets/ColorSynth/GoMRI-17/2017_South/BUOY200/7178E70A.200,7178E70A.200,2017-06-28 02:07:56.924687,2017-06-28 02:08:18.258020,21.333333333333332,8388608,4096000
datasets/ColorSynth/GoMRI-17/2017_South/BUOY200/7178E70B.200,7178E70B.200,2017-06-28 02:08:18.256375,2017-06-28 02:08:39.589708,21.333333333333332,8388608,4096000
datasets/ColorSynth/GoMRI-17/2017_South/BUOY200/7178E70C.200,7178E70C.200,2017-06-28 02:08:39.588031,2017-06-28 02:09:00.921364,21.333333333333332,8388608,4096000
datasets/ColorSynth/GoMRI-17/2017_South/BUOY200/7178E70D.200,7178E70D.200,2017-06-28 02:09:00.919719,2017-06-28 02:09:22.253052,21.333333333333332,8388608,4096000
datasets/ColorSynth/GoMRI-17/2017_South/BUOY200/7178E70E.200,7178E70E.200,2017-06-28 02:09:22.251406,2017-06-28 02:09:43.584739,21.333333333333332,8388608,4096000
datasets/ColorSynth/GoMRI-17/2017_South/BUOY200/7178E70F.200,7178E70F.200,2017-06-28 02:09:43.583094,2017-06-28 02:10:04.916427,21.333333333333332,8388608,4096000
datasets/ColorSynth/GoMRI-17/2017_South/BUOY200/7178E710.200,7178E710.200,2017-06-28 02:10:04.914750,2017-06-28 02:10:26.248083,21.333333333333332,8388608,4096000
datasets/ColorSynth/GoMRI-17/2017_South/BUOY200/7178E711.200,7178E711.200,2017-06-28 02:10:26.246437,2017-06-28 02:10:47.579770,21.333333333333332,8388608,4096000
datasets/ColorSynth/GoMRI-17/2017_South/BUOY200/7178E712.200,7178E712.200,2017-06-28 02:10:47.578125,2017-06-28 02:11:08.911458,21.333333333333332,8388608,4096000
datasets/ColorSynth/GoMRI-17/2017_South/BUOY200/7178E713.200,7178E713.200,2017-06-28 02:11:08.909813,2017-06-28 02:11:30.243146,21.333333333333332,8388608,4096000
datasets/ColorSynth/GoMRI-17/2017_South/BUOY200/7178E714.200,7178E714.200,2017-06-28 02:11:30.241469,2017-06-28 02:11:51.574802,21.333333333333332,8388608,4096000
datasets/ColorSynth/GoMRI-17/2017_South/BUOY200/7178E715.200,7178E715.200,2017-06-28 02:11:51.573156,2017-06-28 02:12:12.906489,21.333333333333332,8388608,4096000
datasets/ColorSynth/GoMRI-17/2017_South/BUOY200/7178E716.200,7178E716.200,2017-06-28 02:12:12.904844,2017-06-28 02:12:34.238177,21.333333333333332,8388608,4096000
datasets/ColorSynth/GoMRI-17/2017_South/BUOY200/7178E717.200,7178E717.200,2017-06-28 02:12:34.236531,2017-06-28 02:12:55.569864,21.333333333333332,8388608,4096000
datasets/ColorSynth/GoMRI-17/2017_South/BUOY200/7178E718.200,7178E718.200,2017-06-28 02:12:55.568219,2017-06-28 02:13:16.901552,21.333333333333332,8388608,4096000
datasets/ColorSynth/GoMRI-17/2017_South/BUOY200/7178E719.200,7178E719.200,2017-06-28 02:13:16.899875,2017-06-28 02:13:38.233208,21.333333333333332,8388608,4096000
datasets/ColorSynth/GoMRI-17/2017_South/BUOY200/7178E71A.200,7178E71A.200,2017-06-28 02:13:38.231563,2017-06-28 02:13:59.564896,21.333333333333332,8388608,4096000
datasets/ColorSynth/GoMRI-17/2017_South/BUOY200/7178E71B.200,7178E71B.200,2017-06-28 02:13:59.563250,2017-06-28 02:14:20.896583,21.333333333333332,8388608,4096000
datasets/ColorSynth/GoMRI-17/2017_South/BUOY200/7178E71C.200,7178E71C.200,2017-06-28 02:14:20.894938,2017-06-28 02:14:42.228271,21.333333333333332,8388608,4096000
datasets/ColorSynth/GoMRI-17/2017_South/BUOY200/7178E71D.200,7178E71D.200,2017-06-28 02:14:42.226594,2017-06-28 02:15:03.559927,21.333333333333332,8388608,4096000
datasets/ColorSynth/GoMRI-17/2017_South/BUOY200/7178E71E.200,7178E71E.200,2017-06-28 02:15:03.558281,2017-06-28 02:15:24.891614,21.333333333333332,8388608,4096000
datasets/ColorSynth/GoMRI-17/2017_South/BUOY200/7178E71F.200,7178E71F.200,2017-06-28 02:15:24.889969,2017-06-28 02:15:46.223302,21.333333333333332,8388608,4096000
datasets/ColorSynth/GoMRI-17/2017_South/BUOY200/7178E720.200,7178E720.200,2017-06-28 02:15:46.221656,2017-06-28 02:16:07.554989,21.333333333333332,8388608,4096000
datasets/ColorSynth/GoMRI-17/2017_South/BUOY200/7178E721.200,7178E721.200,2017-06-28 02:16:07.553344,2017-06-28 02:16:28.886677,21.333333333333332,8388608,4096000
datasets/ColorSynth/GoMRI-17/2017_South/BUOY200/7178E722.200,7178E722.200,2017-06-28 02:16:28.885000,2017-06-28 02:16:50.218333,21.333333333333332,8388608,4096000
datasets/ColorSynth/GoMRI-17/2017_South/BUOY200/7178E723.200,7178E723.200,2017-06-28 02:16:50.216688,2017-06-28 02:17:11.550021,21.333333333333332,8388608,4096000
datasets/ColorSynth/GoMRI-17/2017_South/BUOY200/7178E724.200,7178E724.200,2017-06-28 02:17:11.548375,2017-06-28 02:17:32.881708,21.333333333333332,8388608,4096000
datasets/ColorSynth/GoMRI-17/2017_South/BUOY200/7178E725.200,7178E725.200,2017-06-28 02:17:32.880062,2017-06-28 02:17:54.213395,21.333333333333332,8388608,4096000
datasets/ColorSynth/GoMRI-17/2017_South/BUOY200/7178E726.200,7178E726.200,2017-06-28 02:17:54.211719,2017-06-28 02:18:15.545052,21.333333333333332,8388608,4096000
datasets/ColorSynth/GoMRI-17/2017_South/BUOY200/7178E727.200,7178E727.200,2017-06-28 02:18:15.543406,2017-06-28 02:18:36.876739,21.333333333333332,8388608,4096000
datasets/ColorSynth/GoMRI-17/2017_South/BUOY200/7178E728.200,7178E728.200,2017-06-28 02:18:36.875094,2017-06-28 02:18:58.208427,21.333333333333332,8388608,4096000
datasets/ColorSynth/GoMRI-17/2017_South/BUOY200/7178E729.200,7178E729.200,2017-06-28 02:18:58.206781,2017-06-28 02:19:19.540114,21.333333333333332,8388608,4096000
datasets/ColorSynth/GoMRI-17/2017_South/BUOY200/7178E72A.200,7178E72A.200,2017-06-28 02:19:19.538469,2017-06-28 02:19:40.871802,21.333333333333332,8388608,4096000
datasets/ColorSynth/GoMRI-17/2017_South/BUOY200/7178E72B.200,7178E72B.200,2017-06-28 02:19:40.870125,2017-06-28 02:20:02.203458,21.333333333333332,8388608,4096000
datasets/ColorSynth/GoMRI-17/2017_South/BUOY200/7178E72C.200,7178E72C.200,2017-06-28 02:20:02.201812,2017-06-28 02:20:23.535145,21.333333333333332,8388608,4096000
datasets/ColorSynth/GoMRI-17/2017_South/BUOY200/7178E72D.200,7178E72D.200,2017-06-28 02:20:23.533500,2017-06-28 02:20:44.866833,21.333333333333332,8388608,4096000
datasets/ColorSynth/GoMRI-17/2017_South/BUOY200/7178E72E.200,7178E72E.200,2017-06-28 02:20:44.865188,2017-06-28 02:21:06.198521,21.333333333333332,8388608,4096000
datasets/ColorSynth/GoMRI-17/2017_South/BUOY200/7178E72F.200,7178E72F.200,2017-06-28 02:21:06.196844,2017-06-28 02:21:27.530177,21.333333333333332,8388608,4096000
datasets/ColorSynth/GoMRI-17/2017_South/BUOY200/7178E730.200,7178E730.200,2017-06-28 02:21:27.528531,2017-06-28 02:21:48.861864,21.333333333333332,8388608,4096000
datasets/ColorSynth/GoMRI-17/2017_South/BUOY200/7178E731.200,7178E731.200,2017-06-28 02:21:48.860219,2017-06-28 02:22:10.193552,21.333333333333332,8388608,4096000
datasets/ColorSynth/GoMRI-17/2017_South/BUOY200/7178E732.200,7178E732.200,2017-06-28 02:22:10.191906,2017-06-28 02:22:31.525239,21.333333333333332,8388608,4096000
datasets/ColorSynth/GoMRI-17/2017_South/BUOY200/7178E733.200,7178E733.200,2017-06-28 02:22:31.523562,2017-06-28 02:22:52.856895,21.333333333333332,8388608,4096000
datasets/ColorSynth/GoMRI-17/2017_South/BUOY200/7178E734.200,7178E734.200,2017-06-28 02:22:52.855250,2017-06-28 02:23:14.188583,21.333333333333332,8388608,4096000
datasets/ColorSynth/GoMRI-17/2017_South/BUOY200/7178E735.200,7178E735.200,2017-06-28 02:23:14.186938,2017-06-28 02:23:35.520271,21.333333333333332,8388608,4096000
datasets/ColorSynth/GoMRI-17/2017_South/BUOY200/7178E736.200,7178E736.200,2017-06-28 02:23:35.518625,2017-06-28 02:23:56.851958,21.333333333333332,8388608,4096000
datasets/ColorSynth/GoMRI-17/2017_South/BUOY200/7178E737.200,7178E737.200,2017-06-28 02:23:56.850313,2017-06-28 02:24:18.183646,21.333333333333332,8388608,4096000
datasets/ColorSynth/GoMRI-17/2017_South/BUOY200/7178E738.200,7178E738.200,2017-06-28 02:24:18.181969,2017-06-28 02:24:39.515302,21.333333333333332,8388608,4096000
datasets/ColorSynth/GoMRI-17/2017_South/BUOY200/7178E739.200,7178E739.200,2017-06-28 02:24:39.513656,2017-06-28 02:25:00.846989,21.333333333333332,8388608,4096000
datasets/ColorSynth/GoMRI-17/2017_South/BUOY200/7178E73A.200,7178E73A.200,2017-06-28 02:25:00.845344,2017-06-28 02:25:22.178677,21.333333333333332,8388608,4096000
datasets/ColorSynth/GoMRI-17/2017_South/BUOY200/7178E73B.200,7178E73B.200,2017-06-28 02:25:22.177031,2017-06-28 02:25:43.510364,21.333333333333332,8388608,4096000
datasets/ColorSynth/GoMRI-17/2017_South/BUOY200/7178E73C.200,7178E73C.200,2017-06-28 02:25:43.508688,2017-06-28 02:26:04.842021,21.333333333333332,8388608,4096000
datasets/ColorSynth/GoMRI-17/2017_South/BUOY200/7178E73D.200,7178E73D.200,2017-06-28 02:26:04.840375,2017-06-28 02:26:26.173708,21.333333333333332,8388608,4096000
datasets/ColorSynth/GoMRI-17/2017_South/BUOY200/7178E73E.200,7178E73E.200,2017-06-28 02:26:26.172063,2017-06-28 02:26:47.505396,21.333333333333332,8388608,4096000
datasets/ColorSynth/GoMRI-17/2017_South/BUOY200/7178E73F.200,7178E73F.200,2017-06-28 02:26:47.503750,2017-06-28 02:27:08.837083,21.333333333333332,8388608,4096000
datasets/ColorSynth/GoMRI-17/2017_South/BUOY200/7178E740.200,7178E740.200,2017-06-28 02:27:08.835406,2017-06-28 02:27:30.168739,21.333333333333332,8388608,4096000
datasets/ColorSynth/GoMRI-17/2017_South/BUOY200/7178E741.200,7178E741.200,2017-06-28 02:27:30.167094,2017-06-28 02:27:51.500427,21.333333333333332,8388608,4096000
datasets/ColorSynth/GoMRI-17/2017_South/BUOY200/7178E742.200,7178E742.200,2017-06-28 02:27:51.498781,2017-06-28 02:28:12.832114,21.333333333333332,8388608,4096000
datasets/ColorSynth/GoMRI-17/2017_South/BUOY200/7178E743.200,7178E743.200,2017-06-28 02:28:12.830469,2017-06-28 02:28:34.163802,21.333333333333332,8388608,4096000
datasets/ColorSynth/GoMRI-17/2017_South/BUOY200/7178E744.200,7178E744.200,2017-06-28 02:28:34.162156,2017-06-28 02:28:55.495489,21.333333333333332,8388608,4096000
datasets/ColorSynth/GoMRI-17/2017_South/BUOY200/7178E745.200,7178E745.200,2017-06-28 02:28:55.493813,2017-06-28 02:29:16.827146,21.333333333333332,8388608,4096000
datasets/ColorSynth/GoMRI-17/2017_South/BUOY200/7178E746.200,7178E746.200,2017-06-28 02:29:16.825500,2017-06-28 02:29:38.158833,21.333333333333332,8388608,4096000
datasets/ColorSynth/GoMRI-17/2017_South/BUOY200/7178E747.200,7178E747.200,2017-06-28 02:29:38.157187,2017-06-28 02:29:59.490520,21.333333333333332,8388608,4096000
datasets/ColorSynth/GoMRI-17/2017_South/BUOY200/7178E748.200,7178E748.200,2017-06-28 02:29:59.488875,2017-06-28 02:30:20.822208,21.333333333333332,8388608,4096000
datasets/ColorSynth/GoMRI-17/2017_South/BUOY200/7178E749.200,7178E749.200,2017-06-28 02:30:20.820531,2017-06-28 02:30:42.153864,21.333333333333332,8388608,4096000
datasets/ColorSynth/GoMRI-17/2017_South/BUOY200/7178E74A.200,7178E74A.200,2017-06-28 02:30:42.152219,2017-06-28 02:31:03.485552,21.333333333333332,8388608,4096000
datasets/ColorSynth/GoMRI-17/2017_South/BUOY200/7178E74B.200,7178E74B.200,2017-06-28 02:31:03.483906,2017-06-28 02:31:24.817239,21.333333333333332,8388608,4096000
datasets/ColorSynth/GoMRI-17/2017_South/BUOY200/7178E74C.200,7178E74C.200,2017-06-28 02:31:24.815594,2017-06-28 02:31:46.148927,21.333333333333332,8388608,4096000
datasets/ColorSynth/GoMRI-17/2017_South/BUOY200/7178E74D.200,7178E74D.200,2017-06-28 02:31:46.147281,2017-06-28 02:32:07.480614,21.333333333333332,8388608,4096000
datasets/ColorSynth/GoMRI-17/2017_South/BUOY200/7178E74E.200,7178E74E.200,2017-06-28 02:32:07.478937,2017-06-28 02:32:28.812270,21.333333333333332,8388608,4096000
datasets/ColorSynth/GoMRI-17/2017_South/BUOY200/7178E74F.200,7178E74F.200,2017-06-28 02:32:28.810625,2017-06-28 02:32:50.143958,21.333333333333332,8388608,4096000
datasets/ColorSynth/GoMRI-17/2017_South/BUOY200/7178E750.200,7178E750.200,2017-06-28 02:32:50.142312,2017-06-28 02:33:11.475645,21.333333333333332,8388608,4096000
datasets/ColorSynth/GoMRI-17/2017_South/BUOY200/7178E751.200,7178E751.200,2017-06-28 02:33:11.474000,2017-06-28 02:33:32.807333,21.333333333333332,8388608,4096000
datasets/ColorSynth/GoMRI-17/2017_South/BUOY200/7178E752.200,7178E752.200,2017-06-28 02:33:32.805656,2017-06-28 02:33:54.138989,21.333333333333332,8388608,4096000
datasets/ColorSynth/GoMRI-17/2017_South/BUOY200/7178E753.200,7178E753.200,2017-06-28 02:33:54.137344,2017-06-28 02:34:15.470677,21.333333333333332,8388608,4096000
datasets/ColorSynth/GoMRI-17/2017_South/BUOY200/7178E754.200,7178E754.200,2017-06-28 02:34:15.469031,2017-06-28 02:34:36.802364,21.333333333333332,8388608,4096000
datasets/ColorSynth/GoMRI-17/2017_South/BUOY200/7178E755.200,7178E755.200,2017-06-28 02:34:36.800719,2017-06-28 02:34:58.134052,21.333333333333332,8388608,4096000
datasets/ColorSynth/GoMRI-17/2017_South/BUOY200/7178E756.200,7178E756.200,2017-06-28 02:34:58.132375,2017-06-28 02:35:19.465708,21.333333333333332,8388608,4096000
datasets/ColorSynth/GoMRI-17/2017_South/BUOY200/7178E757.200,7178E757.200,2017-06-28 02:35:19.464062,2017-06-28 02:35:40.797395,21.333333333333332,8388608,4096000
datasets/ColorSynth/GoMRI-17/2017_South/BUOY200/7178E758.200,7178E758.200,2017-06-28 02:35:40.795750,2017-06-28 02:36:02.129083,21.333333333333332,8388608,4096000
datasets/ColorSynth/GoMRI-17/2017_South/BUOY200/7178E759.200,7178E759.200,2017-06-28 02:36:02.127438,2017-06-28 02:36:23.460771,21.333333333333332,8388608,4096000
datasets/ColorSynth/GoMRI-17/2017_South/BUOY200/7178E75A.200,7178E75A.200,2017-06-28 02:36:23.459125,2017-06-28 02:36:44.792458,21.333333333333332,8388608,4096000
datasets/ColorSynth/GoMRI-17/2017_South/BUOY200/7178E75B.200,7178E75B.200,2017-06-28 02:36:44.790781,2017-06-28 02:37:06.124114,21.333333333333332,8388608,4096000
datasets/ColorSynth/GoMRI-17/2017_South/BUOY200/7178E75C.200,7178E75C.200,2017-06-28 02:37:06.122469,2017-06-28 02:37:27.455802,21.333333333333332,8388608,4096000
datasets/ColorSynth/GoMRI-17/2017_South/BUOY200/7178E75D.200,7178E75D.200,2017-06-28 02:37:27.454156,2017-06-28 02:37:48.787489,21.333333333333332,8388608,4096000
datasets/ColorSynth/GoMRI-17/2017_South/BUOY200/7178E75E.200,7178E75E.200,2017-06-28 02:37:48.785844,2017-06-28 02:38:10.119177,21.333333333333332,8388608,4096000
datasets/ColorSynth/GoMRI-17/2017_South/BUOY200/7178E75F.200,7178E75F.200,2017-06-28 02:38:10.117500,2017-06-28 02:38:31.450833,21.333333333333332,8388608,4096000
datasets/ColorSynth/GoMRI-17/2017_South/BUOY200/7178E760.200,7178E760.200,2017-06-28 02:38:31.449188,2017-06-28 02:38:52.782521,21.333333333333332,8388608,4096000
datasets/ColorSynth/GoMRI-17/2017_South/BUOY200/7178E761.200,7178E761.200,2017-06-28 02:38:52.780875,2017-06-28 02:39:14.114208,21.333333333333332,8388608,4096000
datasets/ColorSynth/GoMRI-17/2017_South/BUOY200/7178E762.200,7178E762.200,2017-06-28 02:39:14.112562,2017-06-28 02:39:35.445895,21.333333333333332,8388608,4096000
datasets/ColorSynth/GoMRI-17/2017_South/BUOY200/7178E763.200,7178E763.200,2017-06-28 02:39:35.444250,2017-06-28 02:39:56.777583,21.333333333333332,8388608,4096000
datasets/ColorSynth/GoMRI-17/2017_South/BUOY200/7178E764.200,7178E764.200,2017-06-28 02:39:56.775906,2017-06-28 02:40:18.109239,21.333333333333332,8388608,4096000
datasets/ColorSynth/GoMRI-17/2017_South/BUOY200/7178E765.200,7178E765.200,2017-06-28 02:40:18.107594,2017-06-28 02:40:39.440927,21.333333333333332,8388608,4096000
datasets/ColorSynth/GoMRI-17/2017_South/BUOY200/7178E766.200,7178E766.200,2017-06-28 02:40:39.439281,2017-06-28 02:41:00.772614,21.333333333333332,8388608,4096000
datasets/ColorSynth/GoMRI-17/2017_South/BUOY200/7178E767.200,7178E767.200,2017-06-28 02:41:00.770969,2017-06-28 02:41:22.104302,21.333333333333332,8388608,4096000
datasets/ColorSynth/GoMRI-17/2017_South/BUOY200/7178E768.200,7178E768.200,2017-06-28 02:41:22.102625,2017-06-28 02:41:43.435958,21.333333333333332,8388608,4096000
datasets/ColorSynth/GoMRI-17/2017_South/BUOY200/7178E769.200,7178E769.200,2017-06-28 02:41:43.434313,2017-06-28 02:42:04.767646,21.333333333333332,8388608,4096000
datasets/ColorSynth/GoMRI-17/2017_South/BUOY200/7178E76A.200,7178E76A.200,2017-06-28 02:42:04.766000,2017-06-28 02:42:26.099333,21.333333333333332,8388608,4096000
datasets/ColorSynth/GoMRI-17/2017_South/BUOY200/7178E76B.200,7178E76B.200,2017-06-28 02:42:26.097687,2017-06-28 02:42:47.431020,21.333333333333332,8388608,4096000
datasets/ColorSynth/GoMRI-17/2017_South/BUOY200/7178E76C.200,7178E76C.200,2017-06-28 02:42:47.429344,2017-06-28 02:43:08.762677,21.333333333333332,8388608,4096000
datasets/ColorSynth/GoMRI-17/2017_South/BUOY200/7178E76D.200,7178E76D.200,2017-06-28 02:43:08.761031,2017-06-28 02:43:30.094364,21.333333333333332,8388608,4096000
datasets/ColorSynth/GoMRI-17/2017_South/BUOY200/7178E76E.200,7178E76E.200,2017-06-28 02:43:30.092719,2017-06-28 02:43:51.426052,21.333333333333332,8388608,4096000
datasets/ColorSynth/GoMRI-17/2017_South/BUOY200/7178E76F.200,7178E76F.200,2017-06-28 02:43:51.424406,2017-06-28 02:44:12.757739,21.333333333333332,8388608,4096000
datasets/ColorSynth/GoMRI-17/2017_South/BUOY200/7178E770.200,7178E770.200,2017-06-28 02:44:12.756094,2017-06-28 02:44:34.089427,21.333333333333332,8388608,4096000
datasets/ColorSynth/GoMRI-17/2017_South/BUOY200/7178E771.200,7178E771.200,2017-06-28 02:44:34.087750,2017-06-28 02:44:55.421083,21.333333333333332,8388608,4096000
datasets/ColorSynth/GoMRI-17/2017_South/BUOY200/7178E772.200,7178E772.200,2017-06-28 02:44:55.419437,2017-06-28 02:45:16.752770,21.333333333333332,8388608,4096000
datasets/ColorSynth/GoMRI-17/2017_South/BUOY200/7178E773.200,7178E773.200,2017-06-28 02:45:16.751125,2017-06-28 02:45:38.084458,21.333333333333332,8388608,4096000
datasets/ColorSynth/GoMRI-17/2017_South/BUOY200/7178E774.200,7178E774.200,2017-06-28 02:45:38.082813,2017-06-28 02:45:59.416146,21.333333333333332,8388608,4096000
datasets/ColorSynth/GoMRI-17/2017_South/BUOY200/7178E775.200,7178E775.200,2017-06-28 02:45:59.414469,2017-06-28 02:46:20.747802,21.333333333333332,8388608,4096000
datasets/ColorSynth/GoMRI-17/2017_South/BUOY200/7178E776.200,7178E776.200,2017-06-28 02:46:20.746156,2017-06-28 02:46:42.079489,21.333333333333332,8388608,4096000
datasets/ColorSynth/GoMRI-17/2017_South/BUOY200/7178E777.200,7178E777.200,2017-06-28 02:46:42.077844,2017-06-28 02:47:03.411177,21.333333333333332,8388608,4096000
datasets/ColorSynth/GoMRI-17/2017_South/BUOY200/7178E778.200,7178E778.200,2017-06-28 02:47:03.409531,2017-06-28 02:47:24.742864,21.333333333333332,8388608,4096000
datasets/ColorSynth/GoMRI-17/2017_South/BUOY200/7178E779.200,7178E779.200,2017-06-28 02:47:24.741187,2017-06-28 02:47:46.074520,21.333333333333332,8388608,4096000
datasets/ColorSynth/GoMRI-17/2017_South/BUOY200/7178E77A.200,7178E77A.200,2017-06-28 02:47:46.072875,2017-06-28 02:48:07.406208,21.333333333333332,8388608,4096000
datasets/ColorSynth/GoMRI-17/2017_South/BUOY200/7178E77B.200,7178E77B.200,2017-06-28 02:48:07.404563,2017-06-28 02:48:28.737896,21.333333333333332,8388608,4096000
datasets/ColorSynth/GoMRI-17/2017_South/BUOY200/7178E77C.200,7178E77C.200,2017-06-28 02:48:28.736250,2017-06-28 02:48:50.069583,21.333333333333332,8388608,4096000
datasets/ColorSynth/GoMRI-17/2017_South/BUOY200/7178E77D.200,7178E77D.200,2017-06-28 02:48:50.067938,2017-06-28 02:49:11.401271,21.333333333333332,8388608,4096000
datasets/ColorSynth/GoMRI-17/2017_South/BUOY200/7178E77E.200,7178E77E.200,2017-06-28 02:49:11.399594,2017-06-28 02:49:32.732927,21.333333333333332,8388608,4096000
datasets/ColorSynth/GoMRI-17/2017_South/BUOY200/7178E77F.200,7178E77F.200,2017-06-28 02:49:32.731281,2017-06-28 02:49:54.064614,21.333333333333332,8388608,4096000
datasets/ColorSynth/GoMRI-17/2017_South/BUOY200/7178E780.200,7178E780.200,2017-06-28 02:49:54.062969,2017-06-28 02:50:15.396302,21.333333333333332,8388608,4096000
datasets/ColorSynth/GoMRI-17/2017_South/BUOY200/7178E781.200,7178E781.200,2017-06-28 02:50:15.394656,2017-06-28 02:50:36.727989,21.333333333333332,8388608,4096000
datasets/ColorSynth/GoMRI-17/2017_South/BUOY200/7178E782.200,7178E782.200,2017-06-28 02:50:36.726313,2017-06-28 02:50:58.059646,21.333333333333332,8388608,4096000
datasets/ColorSynth/GoMRI-17/2017_South/BUOY200/7178E783.200,7178E783.200,2017-06-28 02:50:58.058000,2017-06-28 02:51:19.391333,21.333333333333332,8388608,4096000
datasets/ColorSynth/GoMRI-17/2017_South/BUOY200/7178E784.200,7178E784.200,2017-06-28 02:51:19.389688,2017-06-28 02:51:40.723021,21.333333333333332,8388608,4096000
datasets/ColorSynth/GoMRI-17/2017_South/BUOY200/7178E785.200,7178E785.200,2017-06-28 02:51:40.721375,2017-06-28 02:52:02.054708,21.333333333333332,8388608,4096000
datasets/ColorSynth/GoMRI-17/2017_South/BUOY200/7178E786.200,7178E786.200,2017-06-28 02:52:02.053062,2017-06-28 02:52:23.386395,21.333333333333332,8388608,4096000
datasets/ColorSynth/GoMRI-17/2017_South/BUOY200/7178E787.200,7178E787.200,2017-06-28 02:52:23.384719,2017-06-28 02:52:44.718052,21.333333333333332,8388608,4096000
datasets/ColorSynth/GoMRI-17/2017_South/BUOY200/7178E788.200,7178E788.200,2017-06-28 02:52:44.716406,2017-06-28 02:53:06.049739,21.333333333333332,8388608,4096000
datasets/ColorSynth/GoMRI-17/2017_South/BUOY200/7178E789.200,7178E789.200,2017-06-28 02:53:06.048094,2017-06-28 02:53:27.381427,21.333333333333332,8388608,4096000
datasets/ColorSynth/GoMRI-17/2017_South/BUOY200/7178E78A.200,7178E78A.200,2017-06-28 02:53:27.379781,2017-06-28 02:53:48.713114,21.333333333333332,8388608,4096000
datasets/ColorSynth/GoMRI-17/2017_South/BUOY200/7178E78B.200,7178E78B.200,2017-06-28 02:53:48.711438,2017-06-28 02:54:10.044771,21.333333333333332,8388608,4096000
datasets/ColorSynth/GoMRI-17/2017_South/BUOY200/7178E78C.200,7178E78C.200,2017-06-28 02:54:10.043125,2017-06-28 02:54:31.376458,21.333333333333332,8388608,4096000
datasets/ColorSynth/GoMRI-17/2017_South/BUOY200/7178E78D.200,7178E78D.200,2017-06-28 02:54:31.374812,2017-06-28 02:54:52.708145,21.333333333333332,8388608,4096000
datasets/ColorSynth/GoMRI-17/2017_South/BUOY200/7178E78E.200,7178E78E.200,2017-06-28 02:54:52.706500,2017-06-28 02:55:14.039833,21.333333333333332,8388608,4096000
datasets/ColorSynth/GoMRI-17/2017_South/BUOY200/7178E78F.200,7178E78F.200,2017-06-28 02:55:14.038156,2017-06-28 02:55:35.371489,21.333333333333332,8388608,4096000
datasets/ColorSynth/GoMRI-17/2017_South/BUOY200/7178E790.200,7178E790.200,2017-06-28 02:55:35.369844,2017-06-28 02:55:56.703177,21.333333333333332,8388608,4096000
datasets/ColorSynth/GoMRI-17/2017_South/BUOY200/7178E791.200,7178E791.200,2017-06-28 02:55:56.701531,2017-06-28 02:56:18.034864,21.333333333333332,8388608,4096000
datasets/ColorSynth/GoMRI-17/2017_South/BUOY200/7178E792.200,7178E792.200,2017-06-28 02:56:18.033219,2017-06-28 02:56:39.366552,21.333333333333332,8388608,4096000
datasets/ColorSynth/GoMRI-17/2017_South/BUOY200/7178E793.200,7178E793.200,2017-06-28 02:56:39.364906,2017-06-28 02:57:00.698239,21.333333333333332,8388608,4096000
datasets/ColorSynth/GoMRI-17/2017_South/BUOY200/7178E794.200,7178E794.200,2017-06-28 02:57:00.696562,2017-06-28 02:57:22.029895,21.333333333333332,8388608,4096000
datasets/ColorSynth/GoMRI-17/2017_South/BUOY200/7178E795.200,7178E795.200,2017-06-28 02:57:22.028250,2017-06-28 02:57:43.361583,21.333333333333332,8388608,4096000
datasets/ColorSynth/GoMRI-17/2017_South/BUOY200/7178E796.200,7178E796.200,2017-06-28 02:57:43.359937,2017-06-28 02:58:04.693270,21.333333333333332,8388608,4096000
datasets/ColorSynth/GoMRI-17/2017_South/BUOY200/7178E797.200,7178E797.200,2017-06-28 02:58:04.691625,2017-06-28 02:58:26.024958,21.333333333333332,8388608,4096000
datasets/ColorSynth/GoMRI-17/2017_South/BUOY200/7178E798.200,7178E798.200,2017-06-28 02:58:26.023281,2017-06-28 02:58:47.356614,21.333333333333332,8388608,4096000
datasets/ColorSynth/GoMRI-17/2017_South/BUOY200/7178E799.200,7178E799.200,2017-06-28 02:58:47.354969,2017-06-28 02:59:08.688302,21.333333333333332,8388608,4096000
datasets/ColorSynth/GoMRI-17/2017_South/BUOY200/7178E79A.200,7178E79A.200,2017-06-28 02:59:08.686656,2017-06-28 02:59:30.019989,21.333333333333332,8388608,4096000
datasets/ColorSynth/GoMRI-17/2017_South/BUOY200/7178E79B.200,7178E79B.200,2017-06-28 02:59:30.018344,2017-06-28 02:59:51.351677,21.333333333333332,8388608,4096000
datasets/ColorSynth/GoMRI-17/2017_South/BUOY200/7178E79C.200,7178E79C.200,2017-06-28 02:59:51.350031,2017-06-28 03:00:12.683364,21.333333333333332,8388608,4096000
datasets/ColorSynth/GoMRI-17/2017_South/BUOY200/7178E79D.200,7178E79D.200,2017-06-28 03:00:12.681687,2017-06-28 03:00:34.015020,21.333333333333332,8388608,4096000
datasets/ColorSynth/GoMRI-17/2017_South/BUOY200/7178E79E.200,7178E79E.200,2017-06-28 03:00:34.013375,2017-06-28 03:00:55.346708,21.333333333333332,8388608,4096000
datasets/ColorSynth/GoMRI-17/2017_South/BUOY200/7178E79F.200,7178E79F.200,2017-06-28 03:00:55.345063,2017-06-28 03:01:16.678396,21.333333333333332,8388608,4096000
datasets/ColorSynth/GoMRI-17/2017_South/BUOY200/7178E7A0.200,7178E7A0.200,2017-06-28 03:01:16.676750,2017-06-28 03:01:38.010083,21.333333333333332,8388608,4096000
datasets/ColorSynth/GoMRI-17/2017_South/BUOY200/7178E7A1.200,7178E7A1.200,2017-06-28 03:01:38.008406,2017-06-28 03:01:59.341739,21.333333333333332,8388608,4096000
datasets/ColorSynth/GoMRI-17/2017_South/BUOY200/7178E7A2.200,7178E7A2.200,2017-06-28 03:01:59.340094,2017-06-28 03:02:20.673427,21.333333333333332,8388608,4096000
datasets/ColorSynth/GoMRI-17/2017_South/BUOY200/7178E7A3.200,7178E7A3.200,2017-06-28 03:02:20.671781,2017-06-28 03:02:42.005114,21.333333333333332,8388608,4096000
datasets/ColorSynth/GoMRI-17/2017_South/BUOY200/7178E7A4.200,7178E7A4.200,2017-06-28 03:02:42.003469,2017-06-28 03:03:03.336802,21.333333333333332,8388608,4096000
datasets/ColorSynth/GoMRI-17/2017_South/BUOY200/7178E7A5.200,7178E7A5.200,2017-06-28 03:03:03.335125,2017-06-28 03:03:24.668458,21.333333333333332,8388608,4096000
datasets/ColorSynth/GoMRI-17/2017_South/BUOY200/7178E7A6.200,7178E7A6.200,2017-06-28 03:03:24.666813,2017-06-28 03:03:46.000146,21.333333333333332,8388608,4096000
datasets/ColorSynth/GoMRI-17/2017_South/BUOY200/7178E7A7.200,7178E7A7.200,2017-06-28 03:03:45.998500,2017-06-28 03:04:07.331833,21.333333333333332,8388608,4096000
datasets/ColorSynth/GoMRI-17/2017_South/BUOY200/7178E7A8.200,7178E7A8.200,2017-06-28 03:04:07.330187,2017-06-28 03:04:28.663520,21.333333333333332,8388608,4096000
datasets/ColorSynth/GoMRI-17/2017_South/BUOY200/7178E7A9.200,7178E7A9.200,2017-06-28 03:04:28.661875,2017-06-28 03:04:49.995208,21.333333333333332,8388608,4096000
datasets/ColorSynth/GoMRI-17/2017_South/BUOY200/7178E7AA.200,7178E7AA.200,2017-06-28 03:04:49.993531,2017-06-28 03:05:11.326864,21.333333333333332,8388608,4096000
datasets/ColorSynth/GoMRI-17/2017_South/BUOY200/7178E7AB.200,7178E7AB.200,2017-06-28 03:05:11.325219,2017-06-28 03:05:32.658552,21.333333333333332,8388608,4096000
datasets/ColorSynth/GoMRI-17/2017_South/BUOY200/7178E7AC.200,7178E7AC.200,2017-06-28 03:05:32.656906,2017-06-28 03:05:53.990239,21.333333333333332,8388608,4096000
datasets/ColorSynth/GoMRI-17/2017_South/BUOY200/7178E7AD.200,7178E7AD.200,2017-06-28 03:05:53.988594,2017-06-28 03:06:15.321927,21.333333333333332,8388608,4096000
datasets/ColorSynth/GoMRI-17/2017_South/BUOY200/7178E7AE.200,7178E7AE.200,2017-06-28 03:06:15.320250,2017-06-28 03:06:36.653583,21.333333333333332,8388608,4096000
datasets/ColorSynth/GoMRI-17/2017_South/BUOY200/7178E7AF.200,7178E7AF.200,2017-06-28 03:06:36.651937,2017-06-28 03:06:57.985270,21.333333333333332,8388608,4096000
datasets/ColorSynth/GoMRI-17/2017_South/BUOY200/7178E7B0.200,7178E7B0.200,2017-06-28 03:06:57.983625,2017-06-28 03:07:19.316958,21.333333333333332,8388608,4096000
datasets/ColorSynth/GoMRI-17/2017_South/BUOY200/7178E7B1.200,7178E7B1.200,2017-06-28 03:07:19.315312,2017-06-28 03:07:40.648645,21.333333333333332,8388608,4096000
datasets/ColorSynth/GoMRI-17/2017_South/BUOY200/7178E7B2.200,7178E7B2.200,2017-06-28 03:07:40.647000,2017-06-28 03:08:01.980333,21.333333333333332,8388608,4096000
datasets/ColorSynth/GoMRI-17/2017_South/BUOY200/7178E7B3.200,7178E7B3.200,2017-06-28 03:08:01.978656,2017-06-28 03:08:23.311989,21.333333333333332,8388608,4096000
datasets/ColorSynth/GoMRI-17/2017_South/BUOY200/7178E7B4.200,7178E7B4.200,2017-06-28 03:08:23.310344,2017-06-28 03:08:44.643677,21.333333333333332,8388608,4096000
datasets/ColorSynth/GoMRI-17/2017_South/BUOY200/7178E7B5.200,7178E7B5.200,2017-06-28 03:08:44.642031,2017-06-28 03:09:05.975364,21.333333333333332,8388608,4096000
datasets/ColorSynth/GoMRI-17/2017_South/BUOY200/7178E7B6.200,7178E7B6.200,2017-06-28 03:09:05.973719,2017-06-28 03:09:27.307052,21.333333333333332,8388608,4096000
datasets/ColorSynth/GoMRI-17/2017_South/BUOY200/7178E7B7.200,7178E7B7.200,2017-06-28 03:09:27.305375,2017-06-28 03:09:48.638708,21.333333333333332,8388608,4096000
datasets/ColorSynth/GoMRI-17/2017_South/BUOY200/7178E7B8.200,7178E7B8.200,2017-06-28 03:09:48.637062,2017-06-28 03:10:09.970395,21.333333333333332,8388608,4096000
datasets/ColorSynth/GoMRI-17/2017_South/BUOY200/7178E7B9.200,7178E7B9.200,2017-06-28 03:10:09.968750,2017-06-28 03:10:31.302083,21.333333333333332,8388608,4096000
datasets/ColorSynth/GoMRI-17/2017_South/BUOY200/7178E7BA.200,7178E7BA.200,2017-06-28 03:10:31.300438,2017-06-28 03:10:52.633771,21.333333333333332,8388608,4096000
datasets/ColorSynth/GoMRI-17/2017_South/BUOY200/7178E7BB.200,7178E7BB.200,2017-06-28 03:10:52.632094,2017-06-28 03:11:13.965427,21.333333333333332,8388608,4096000
datasets/ColorSynth/GoMRI-17/2017_South/BUOY200/7178E7BC.200,7178E7BC.200,2017-06-28 03:11:13.963781,2017-06-28 03:11:35.297114,21.333333333333332,8388608,4096000
datasets/ColorSynth/GoMRI-17/2017_South/BUOY200/7178E7BD.200,7178E7BD.200,2017-06-28 03:11:35.295469,2017-06-28 03:11:56.628802,21.333333333333332,8388608,4096000
datasets/ColorSynth/GoMRI-17/2017_South/BUOY200/7178E7BE.200,7178E7BE.200,2017-06-28 03:11:56.627156,2017-06-28 03:12:17.960489,21.333333333333332,8388608,4096000
datasets/ColorSynth/GoMRI-17/2017_South/BUOY200/7178E7BF.200,7178E7BF.200,2017-06-28 03:12:17.958844,2017-06-28 03:12:39.292177,21.333333333333332,8388608,4096000
datasets/ColorSynth/GoMRI-17/2017_South/BUOY200/7178E7C0.200,7178E7C0.200,2017-06-28 03:12:39.290500,2017-06-28 03:13:00.623833,21.333333333333332,8388608,4096000
datasets/ColorSynth/GoMRI-17/2017_South/BUOY200/7178E7C1.200,7178E7C1.200,2017-06-28 03:13:00.622188,2017-06-28 03:13:21.955521,21.333333333333332,8388608,4096000
datasets/ColorSynth/GoMRI-17/2017_South/BUOY200/7178E7C2.200,7178E7C2.200,2017-06-28 03:13:21.953875,2017-06-28 03:13:43.287208,21.333333333333332,8388608,4096000
datasets/ColorSynth/GoMRI-17/2017_South/BUOY200/7178E7C3.200,7178E7C3.200,2017-06-28 03:13:43.285563,2017-06-28 03:14:04.618896,21.333333333333332,8388608,4096000
datasets/ColorSynth/GoMRI-17/2017_South/BUOY200/7178E7C4.200,7178E7C4.200,2017-06-28 03:14:04.617219,2017-06-28 03:14:25.950552,21.333333333333332,8388608,4096000
datasets/ColorSynth/GoMRI-17/2017_South/BUOY200/7178E7C5.200,7178E7C5.200,2017-06-28 03:14:25.948906,2017-06-28 03:14:47.282239,21.333333333333332,8388608,4096000
datasets/ColorSynth/GoMRI-17/2017_South/BUOY200/7178E7C6.200,7178E7C6.200,2017-06-28 03:14:47.280594,2017-06-28 03:15:08.613927,21.333333333333332,8388608,4096000
datasets/ColorSynth/GoMRI-17/2017_South/BUOY200/7178E7C7.200,7178E7C7.200,2017-06-28 03:15:08.612281,2017-06-28 03:15:29.945614,21.333333333333332,8388608,4096000
datasets/ColorSynth/GoMRI-17/2017_South/BUOY200/7178E7C8.200,7178E7C8.200,2017-06-28 03:15:29.943938,2017-06-28 03:15:51.277271,21.333333333333332,8388608,4096000
datasets/ColorSynth/GoMRI-17/2017_South/BUOY200/7178E7C9.200,7178E7C9.200,2017-06-28 03:15:51.275625,2017-06-28 03:16:12.608958,21.333333333333332,8388608,4096000
datasets/ColorSynth/GoMRI-17/2017_South/BUOY200/7178E7CA.200,7178E7CA.200,2017-06-28 03:16:12.607313,2017-06-28 03:16:33.940646,21.333333333333332,8388608,4096000
datasets/ColorSynth/GoMRI-17/2017_South/BUOY200/7178E7CB.200,7178E7CB.200,2017-06-28 03:16:33.939000,2017-06-28 03:16:55.272333,21.333333333333332,8388608,4096000
datasets/ColorSynth/GoMRI-17/2017_South/BUOY200/7178E7CC.200,7178E7CC.200,2017-06-28 03:16:55.270687,2017-06-28 03:17:16.604020,21.333333333333332,8388608,4096000
datasets/ColorSynth/GoMRI-17/2017_South/BUOY200/7178E7CD.200,7178E7CD.200,2017-06-28 03:17:16.602344,2017-06-28 03:17:37.935677,21.333333333333332,8388608,4096000
datasets/ColorSynth/GoMRI-17/2017_South/BUOY200/7178E7CE.200,7178E7CE.200,2017-06-28 03:17:37.934031,2017-06-28 03:17:59.267364,21.333333333333332,8388608,4096000
datasets/ColorSynth/GoMRI-17/2017_South/BUOY200/7178E7CF.200,7178E7CF.200,2017-06-28 03:17:59.265719,2017-06-28 03:18:20.599052,21.333333333333332,8388608,4096000
datasets/ColorSynth/GoMRI-17/2017_South/BUOY200/7178E7D0.200,7178E7D0.200,2017-06-28 03:18:20.597406,2017-06-28 03:18:41.930739,21.333333333333332,8388608,4096000
datasets/ColorSynth/GoMRI-17/2017_South/BUOY200/7178E7D1.200,7178E7D1.200,2017-06-28 03:18:41.929063,2017-06-28 03:19:03.262396,21.333333333333332,8388608,4096000
datasets/ColorSynth/GoMRI-17/2017_South/BUOY200/7178E7D2.200,7178E7D2.200,2017-06-28 03:19:03.260750,2017-06-28 03:19:24.594083,21.333333333333332,8388608,4096000
datasets/ColorSynth/GoMRI-17/2017_South/BUOY200/7178E7D3.200,7178E7D3.200,2017-06-28 03:19:24.592437,2017-06-28 03:19:45.925770,21.333333333333332,8388608,4096000
datasets/ColorSynth/GoMRI-17/2017_South/BUOY200/7178E7D4.200,7178E7D4.200,2017-06-28 03:19:45.924125,2017-06-28 03:20:07.257458,21.333333333333332,8388608,4096000
datasets/ColorSynth/GoMRI-17/2017_South/BUOY200/7178E7D5.200,7178E7D5.200,2017-06-28 03:20:07.255813,2017-06-28 03:20:28.589146,21.333333333333332,8388608,4096000
datasets/ColorSynth/GoMRI-17/2017_South/BUOY200/7178E7D6.200,7178E7D6.200,2017-06-28 03:20:28.587469,2017-06-28 03:20:49.920802,21.333333333333332,8388608,4096000
datasets/ColorSynth/GoMRI-17/2017_South/BUOY200/7178E7D7.200,7178E7D7.200,2017-06-28 03:20:49.919156,2017-06-28 03:21:11.252489,21.333333333333332,8388608,4096000
datasets/ColorSynth/GoMRI-17/2017_South/BUOY200/7178E7D8.200,7178E7D8.200,2017-06-28 03:21:11.250844,2017-06-28 03:21:32.584177,21.333333333333332,8388608,4096000
datasets/ColorSynth/GoMRI-17/2017_South/BUOY200/7178E7D9.200,7178E7D9.200,2017-06-28 03:21:32.582531,2017-06-28 03:21:53.915864,21.333333333333332,8388608,4096000
datasets/ColorSynth/GoMRI-17/2017_South/BUOY200/7178E7DA.200,7178E7DA.200,2017-06-28 03:21:53.914187,2017-06-28 03:22:15.247520,21.333333333333332,8388608,4096000
datasets/ColorSynth/GoMRI-17/2017_South/BUOY200/7178E7DB.200,7178E7DB.200,2017-06-28 03:22:15.245875,2017-06-28 03:22:36.579208,21.333333333333332,8388608,4096000
datasets/ColorSynth/GoMRI-17/2017_South/BUOY200/7178E7DC.200,7178E7DC.200,2017-06-28 03:22:36.577563,2017-06-28 03:22:57.910896,21.333333333333332,8388608,4096000
datasets/ColorSynth/GoMRI-17/2017_South/BUOY200/7178E7DD.200,7178E7DD.200,2017-06-28 03:22:57.909250,2017-06-28 03:23:19.242583,21.333333333333332,8388608,4096000
datasets/ColorSynth/GoMRI-17/2017_South/BUOY200/7178E7DE.200,7178E7DE.200,2017-06-28 03:23:19.240906,2017-06-28 03:23:40.574239,21.333333333333332,8388608,4096000
datasets/ColorSynth/GoMRI-17/2017_South/BUOY200/7178E7DF.200,7178E7DF.200,2017-06-28 03:23:40.572594,2017-06-28 03:24:01.905927,21.333333333333332,8388608,4096000
datasets/ColorSynth/GoMRI-17/2017_South/BUOY200/7178E7E0.200,7178E7E0.200,2017-06-28 03:24:01.904281,2017-06-28 03:24:23.237614,21.333333333333332,8388608,4096000
datasets/ColorSynth/GoMRI-17/2017_South/BUOY200/7178E7E1.200,7178E7E1.200,2017-06-28 03:24:23.235969,2017-06-28 03:24:44.569302,21.333333333333332,8388608,4096000
datasets/ColorSynth/GoMRI-17/2017_South/BUOY200/7178E7E2.200,7178E7E2.200,2017-06-28 03:24:44.567656,2017-06-28 03:25:05.900989,21.333333333333332,8388608,4096000
datasets/ColorSynth/GoMRI-17/2017_South/BUOY200/7178E7E3.200,7178E7E3.200,2017-06-28 03:25:05.899313,2017-06-28 03:25:27.232646,21.333333333333332,8388608,4096000
datasets/ColorSynth/GoMRI-17/2017_South/BUOY200/7178E7E4.200,7178E7E4.200,2017-06-28 03:25:27.231000,2017-06-28 03:25:48.564333,21.333333333333332,8388608,4096000
datasets/ColorSynth/GoMRI-17/2017_South/BUOY200/7178E7E5.200,7178E7E5.200,2017-06-28 03:25:48.562688,2017-06-28 03:26:09.896021,21.333333333333332,8388608,4096000
datasets/ColorSynth/GoMRI-17/2017_South/BUOY200/7178E7E6.200,7178E7E6.200,2017-06-28 03:26:09.894375,2017-06-28 03:26:31.227708,21.333333333333332,8388608,4096000
datasets/ColorSynth/GoMRI-17/2017_South/BUOY200/7178E7E7.200,7178E7E7.200,2017-06-28 03:26:31.226031,2017-06-28 03:26:52.559364,21.333333333333332,8388608,4096000
datasets/ColorSynth/GoMRI-17/2017_South/BUOY200/7178E7E8.200,7178E7E8.200,2017-06-28 03:26:52.557719,2017-06-28 03:27:13.891052,21.333333333333332,8388608,4096000
datasets/ColorSynth/GoMRI-17/2017_South/BUOY200/7178E7E9.200,7178E7E9.200,2017-06-28 03:27:13.889406,2017-06-28 03:27:35.222739,21.333333333333332,8388608,4096000
datasets/ColorSynth/GoMRI-17/2017_South/BUOY200/7178E7EA.200,7178E7EA.200,2017-06-28 03:27:35.221094,2017-06-28 03:27:56.554427,21.333333333333332,8388608,4096000
datasets/ColorSynth/GoMRI-17/2017_South/BUOY200/7178E7EB.200,7178E7EB.200,2017-06-28 03:27:56.552750,2017-06-28 03:28:17.886083,21.333333333333332,8388608,4096000
datasets/ColorSynth/GoMRI-17/2017_South/BUOY200/7178E7EC.200,7178E7EC.200,2017-06-28 03:28:17.884438,2017-06-28 03:28:39.217771,21.333333333333332,8388608,4096000
datasets/ColorSynth/GoMRI-17/2017_South/BUOY200/7178E7ED.200,7178E7ED.200,2017-06-28 03:28:39.216125,2017-06-28 03:29:00.549458,21.333333333333332,8388608,4096000
datasets/ColorSynth/GoMRI-17/2017_South/BUOY200/7178E7EE.200,7178E7EE.200,2017-06-28 03:29:00.547812,2017-06-28 03:29:21.881145,21.333333333333332,8388608,4096000
datasets/ColorSynth/GoMRI-17/2017_South/BUOY200/7178E7EF.200,7178E7EF.200,2017-06-28 03:29:21.879500,2017-06-28 03:29:43.212833,21.333333333333332,8388608,4096000
datasets/ColorSynth/GoMRI-17/2017_South/BUOY200/7178E7F0.200,7178E7F0.200,2017-06-28 03:29:43.211156,2017-06-28 03:30:04.544489,21.333333333333332,8388608,4096000
datasets/ColorSynth/GoMRI-17/2017_South/BUOY200/7178E7F1.200,7178E7F1.200,2017-06-28 03:30:04.542844,2017-06-28 03:30:25.876177,21.333333333333332,8388608,4096000
datasets/ColorSynth/GoMRI-17/2017_South/BUOY200/7178E7F2.200,7178E7F2.200,2017-06-28 03:30:25.874531,2017-06-28 03:30:47.207864,21.333333333333332,8388608,4096000
datasets/ColorSynth/GoMRI-17/2017_South/BUOY200/7178E7F3.200,7178E7F3.200,2017-06-28 03:30:47.206219,2017-06-28 03:31:08.539552,21.333333333333332,8388608,4096000
datasets/ColorSynth/GoMRI-17/2017_South/BUOY200/7178E7F4.200,7178E7F4.200,2017-06-28 03:31:08.537875,2017-06-28 03:31:29.871208,21.333333333333332,8388608,4096000
datasets/ColorSynth/GoMRI-17/2017_South/BUOY200/7178E7F5.200,7178E7F5.200,2017-06-28 03:31:29.869562,2017-06-28 03:31:51.202895,21.333333333333332,8388608,4096000
datasets/ColorSynth/GoMRI-17/2017_South/BUOY200/7178E7F6.200,7178E7F6.200,2017-06-28 03:31:51.201250,2017-06-28 03:32:12.534583,21.333333333333332,8388608,4096000
datasets/ColorSynth/GoMRI-17/2017_South/BUOY200/7178E7F7.200,7178E7F7.200,2017-06-28 03:32:12.532937,2017-06-28 03:32:33.866270,21.333333333333332,8388608,4096000
datasets/ColorSynth/GoMRI-17/2017_South/BUOY200/7178E7F8.200,7178E7F8.200,2017-06-28 03:32:33.864625,2017-06-28 03:32:55.197958,21.333333333333332,8388608,4096000
datasets/ColorSynth/GoMRI-17/2017_South/BUOY200/7178E7F9.200,7178E7F9.200,2017-06-28 03:32:55.196281,2017-06-28 03:33:16.529614,21.333333333333332,8388608,4096000
datasets/ColorSynth/GoMRI-17/2017_South/BUOY200/7178E7FA.200,7178E7FA.200,2017-06-28 03:33:16.527969,2017-06-28 03:33:37.861302,21.333333333333332,8388608,4096000
datasets/ColorSynth/GoMRI-17/2017_South/BUOY200/7178E7FB.200,7178E7FB.200,2017-06-28 03:33:37.859656,2017-06-28 03:33:59.192989,21.333333333333332,8388608,4096000
datasets/ColorSynth/GoMRI-17/2017_South/BUOY200/7178E7FC.200,7178E7FC.200,2017-06-28 03:33:59.191344,2017-06-28 03:34:20.524677,21.333333333333332,8388608,4096000
datasets/ColorSynth/GoMRI-17/2017_South/BUOY200/7178E7FD.200,7178E7FD.200,2017-06-28 03:34:20.523000,2017-06-28 03:34:41.856333,21.333333333333332,8388608,4096000
datasets/ColorSynth/GoMRI-17/2017_South/BUOY200/7178E7FE.200,7178E7FE.200,2017-06-28 03:34:41.854687,2017-06-28 03:35:03.188020,21.333333333333332,8388608,4096000
datasets/ColorSynth/GoMRI-17/2017_South/BUOY200/7178E7FF.200,7178E7FF.200,2017-06-28 03:35:03.186375,2017-06-28 03:35:24.519708,21.333333333333332,8388608,4096000
datasets/ColorSynth/GoMRI-17/2017_South/BUOY200/7178E800.200,7178E800.200,2017-06-28 03:35:24.518063,2017-06-28 03:35:45.851396,21.333333333333332,8388608,4096000
datasets/ColorSynth/GoMRI-17/2017_South/BUOY200/7178E801.200,7178E801.200,2017-06-28 03:35:45.849750,2017-06-28 03:36:07.183083,21.333333333333332,8388608,4096000
datasets/ColorSynth/GoMRI-17/2017_South/BUOY200/7178E802.200,7178E802.200,2017-06-28 03:36:07.181406,2017-06-28 03:36:28.514739,21.333333333333332,8388608,4096000
datasets/ColorSynth/GoMRI-17/2017_South/BUOY200/7178E803.200,7178E803.200,2017-06-28 03:36:28.513094,2017-06-28 03:36:49.846427,21.333333333333332,8388608,4096000
datasets/ColorSynth/GoMRI-17/2017_South/BUOY200/7178E804.200,7178E804.200,2017-06-28 03:36:49.844781,2017-06-28 03:37:11.178114,21.333333333333332,8388608,4096000
datasets/ColorSynth/GoMRI-17/2017_South/BUOY200/7178E805.200,7178E805.200,2017-06-28 03:37:11.176469,2017-06-28 03:37:32.509802,21.333333333333332,8388608,4096000
datasets/ColorSynth/GoMRI-17/2017_South/BUOY200/7178E806.200,7178E806.200,2017-06-28 03:37:32.508125,2017-06-28 03:37:53.841458,21.333333333333332,8388608,4096000
datasets/ColorSynth/GoMRI-17/2017_South/BUOY200/7178E807.200,7178E807.200,2017-06-28 03:37:53.839813,2017-06-28 03:38:15.173146,21.333333333333332,8388608,4096000
datasets/ColorSynth/GoMRI-17/2017_South/BUOY200/7178E808.200,7178E808.200,2017-06-28 03:38:15.171500,2017-06-28 03:38:36.504833,21.333333333333332,8388608,4096000
datasets/ColorSynth/GoMRI-17/2017_South/BUOY200/7178E809.200,7178E809.200,2017-06-28 03:38:36.503187,2017-06-28 03:38:57.836520,21.333333333333332,8388608,4096000
datasets/ColorSynth/GoMRI-17/2017_South/BUOY200/7178E80A.200,7178E80A.200,2017-06-28 03:38:57.834844,2017-06-28 03:39:19.168177,21.333333333333332,8388608,4096000
datasets/ColorSynth/GoMRI-17/2017_South/BUOY200/7178E80B.200,7178E80B.200,2017-06-28 03:39:19.166531,2017-06-28 03:39:40.499864,21.333333333333332,8388608,4096000
datasets/ColorSynth/GoMRI-17/2017_South/BUOY200/7178E80C.200,7178E80C.200,2017-06-28 03:39:40.498219,2017-06-28 03:40:01.831552,21.333333333333332,8388608,4096000
datasets/ColorSynth/GoMRI-17/2017_South/BUOY200/7178E80D.200,7178E80D.200,2017-06-28 03:40:01.829906,2017-06-28 03:40:23.163239,21.333333333333332,8388608,4096000
datasets/ColorSynth/GoMRI-17/2017_South/BUOY200/7178E80E.200,7178E80E.200,2017-06-28 03:40:23.161594,2017-06-28 03:40:44.494927,21.333333333333332,8388608,4096000
datasets/ColorSynth/GoMRI-17/2017_South/BUOY200/7178E80F.200,7178E80F.200,2017-06-28 03:40:44.493250,2017-06-28 03:41:05.826583,21.333333333333332,8388608,4096000
datasets/ColorSynth/GoMRI-17/2017_South/BUOY200/7178E810.200,7178E810.200,2017-06-28 03:41:05.824938,2017-06-28 03:41:27.158271,21.333333333333332,8388608,4096000
datasets/ColorSynth/GoMRI-17/2017_South/BUOY200/7178E811.200,7178E811.200,2017-06-28 03:41:27.156625,2017-06-28 03:41:48.489958,21.333333333333332,8388608,4096000
datasets/ColorSynth/GoMRI-17/2017_South/BUOY200/7178E812.200,7178E812.200,2017-06-28 03:41:48.488312,2017-06-28 03:42:09.821645,21.333333333333332,8388608,4096000
datasets/ColorSynth/GoMRI-17/2017_South/BUOY200/7178E813.200,7178E813.200,2017-06-28 03:42:09.819969,2017-06-28 03:42:31.153302,21.333333333333332,8388608,4096000
datasets/ColorSynth/GoMRI-17/2017_South/BUOY200/7178E814.200,7178E814.200,2017-06-28 03:42:31.151656,2017-06-28 03:42:52.484989,21.333333333333332,8388608,4096000
datasets/ColorSynth/GoMRI-17/2017_South/BUOY200/7178E815.200,7178E815.200,2017-06-28 03:42:52.483344,2017-06-28 03:43:13.816677,21.333333333333332,8388608,4096000
datasets/ColorSynth/GoMRI-17/2017_South/BUOY200/7178E816.200,7178E816.200,2017-06-28 03:43:13.815031,2017-06-28 03:43:35.148364,21.333333333333332,8388608,4096000
datasets/ColorSynth/GoMRI-17/2017_South/BUOY200/7178E817.200,7178E817.200,2017-06-28 03:43:35.146719,2017-06-28 03:43:56.480052,21.333333333333332,8388608,4096000
datasets/ColorSynth/GoMRI-17/2017_South/BUOY200/7178E818.200,7178E818.200,2017-06-28 03:43:56.478375,2017-06-28 03:44:17.811708,21.333333333333332,8388608,4096000
datasets/ColorSynth/GoMRI-17/2017_South/BUOY200/7178E819.200,7178E819.200,2017-06-28 03:44:17.810062,2017-06-28 03:44:39.143395,21.333333333333332,8388608,4096000
datasets/ColorSynth/GoMRI-17/2017_South/BUOY200/7178E81A.200,7178E81A.200,2017-06-28 03:44:39.141750,2017-06-28 03:45:00.475083,21.333333333333332,8388608,4096000
datasets/ColorSynth/GoMRI-17/2017_South/BUOY200/7178E81B.200,7178E81B.200,2017-06-28 03:45:00.473438,2017-06-28 03:45:21.806771,21.333333333333332,8388608,4096000
datasets/ColorSynth/GoMRI-17/2017_South/BUOY200/7178E81C.200,7178E81C.200,2017-06-28 03:45:21.805094,2017-06-28 03:45:43.138427,21.333333333333332,8388608,4096000
datasets/ColorSynth/GoMRI-17/2017_South/BUOY200/7178E81D.200,7178E81D.200,2017-06-28 03:45:43.136781,2017-06-28 03:46:04.470114,21.333333333333332,8388608,4096000
datasets/ColorSynth/GoMRI-17/2017_South/BUOY200/7178E81E.200,7178E81E.200,2017-06-28 03:46:04.468469,2017-06-28 03:46:25.801802,21.333333333333332,8388608,4096000
datasets/ColorSynth/GoMRI-17/2017_South/BUOY200/7178E81F.200,7178E81F.200,2017-06-28 03:46:25.800156,2017-06-28 03:46:47.133489,21.333333333333332,8388608,4096000
datasets/ColorSynth/GoMRI-17/2017_South/BUOY200/7178E820.200,7178E820.200,2017-06-28 03:46:47.131844,2017-06-28 03:47:08.465177,21.333333333333332,8388608,4096000
datasets/ColorSynth/GoMRI-17/2017_South/BUOY200/7178E821.200,7178E821.200,2017-06-28 03:47:08.463500,2017-06-28 03:47:29.796833,21.333333333333332,8388608,4096000
datasets/ColorSynth/GoMRI-17/2017_South/BUOY200/7178E822.200,7178E822.200,2017-06-28 03:47:29.795188,2017-06-28 03:47:51.128521,21.333333333333332,8388608,4096000
datasets/ColorSynth/GoMRI-17/2017_South/BUOY200/7178E823.200,7178E823.200,2017-06-28 03:47:51.126875,2017-06-28 03:48:12.460208,21.333333333333332,8388608,4096000
datasets/ColorSynth/GoMRI-17/2017_South/BUOY200/7178E824.200,7178E824.200,2017-06-28 03:48:12.458563,2017-06-28 03:48:33.791896,21.333333333333332,8388608,4096000
datasets/ColorSynth/GoMRI-17/2017_South/BUOY200/7178E825.200,7178E825.200,2017-06-28 03:48:33.790219,2017-06-28 03:48:55.123552,21.333333333333332,8388608,4096000
datasets/ColorSynth/GoMRI-17/2017_South/BUOY200/7178E826.200,7178E826.200,2017-06-28 03:48:55.121906,2017-06-28 03:49:16.455239,21.333333333333332,8388608,4096000
datasets/ColorSynth/GoMRI-17/2017_South/BUOY200/7178E827.200,7178E827.200,2017-06-28 03:49:16.453594,2017-06-28 03:49:37.786927,21.333333333333332,8388608,4096000
datasets/ColorSynth/GoMRI-17/2017_South/BUOY200/7178E828.200,7178E828.200,2017-06-28 03:49:37.785281,2017-06-28 03:49:59.118614,21.333333333333332,8388608,4096000
datasets/ColorSynth/GoMRI-17/2017_South/BUOY200/7178E829.200,7178E829.200,2017-06-28 03:49:59.116969,2017-06-28 03:50:20.450302,21.333333333333332,8388608,4096000
datasets/ColorSynth/GoMRI-17/2017_South/BUOY200/7178E82A.200,7178E82A.200,2017-06-28 03:50:20.448625,2017-06-28 03:50:41.781958,21.333333333333332,8388608,4096000
datasets/ColorSynth/GoMRI-17/2017_South/BUOY200/7178E82B.200,7178E82B.200,2017-06-28 03:50:41.780313,2017-06-28 03:51:03.113646,21.333333333333332,8388608,4096000
datasets/ColorSynth/GoMRI-17/2017_South/BUOY200/7178E82C.200,7178E82C.200,2017-06-28 03:51:03.112000,2017-06-28 03:51:24.445333,21.333333333333332,8388608,4096000
datasets/ColorSynth/GoMRI-17/2017_South/BUOY200/7178E82D.200,7178E82D.200,2017-06-28 03:51:24.443687,2017-06-28 03:51:45.777020,21.333333333333332,8388608,4096000
datasets/ColorSynth/GoMRI-17/2017_South/BUOY200/7178E82E.200,7178E82E.200,2017-06-28 03:51:45.775344,2017-06-28 03:52:07.108677,21.333333333333332,8388608,4096000
datasets/ColorSynth/GoMRI-17/2017_South/BUOY200/7178E82F.200,7178E82F.200,2017-06-28 03:52:07.107031,2017-06-28 03:52:28.440364,21.333333333333332,8388608,4096000
datasets/ColorSynth/GoMRI-17/2017_South/BUOY200/7178E830.200,7178E830.200,2017-06-28 03:52:28.438719,2017-06-28 03:52:49.772052,21.333333333333332,8388608,4096000
datasets/ColorSynth/GoMRI-17/2017_South/BUOY200/7178E831.200,7178E831.200,2017-06-28 03:52:49.770406,2017-06-28 03:53:11.103739,21.333333333333332,8388608,4096000
datasets/ColorSynth/GoMRI-17/2017_South/BUOY200/7178E832.200,7178E832.200,2017-06-28 03:53:11.102063,2017-06-28 03:53:32.435396,21.333333333333332,8388608,4096000
datasets/ColorSynth/GoMRI-17/2017_South/BUOY200/7178E833.200,7178E833.200,2017-06-28 03:53:32.433750,2017-06-28 03:53:53.767083,21.333333333333332,8388608,4096000
datasets/ColorSynth/GoMRI-17/2017_South/BUOY200/7178E834.200,7178E834.200,2017-06-28 03:53:53.765437,2017-06-28 03:54:15.098770,21.333333333333332,8388608,4096000
datasets/ColorSynth/GoMRI-17/2017_South/BUOY200/7178E835.200,7178E835.200,2017-06-28 03:54:15.097125,2017-06-28 03:54:36.430458,21.333333333333332,8388608,4096000
datasets/ColorSynth/GoMRI-17/2017_South/BUOY200/7178E836.200,7178E836.200,2017-06-28 03:54:36.428812,2017-06-28 03:54:57.762145,21.333333333333332,8388608,4096000
datasets/ColorSynth/GoMRI-17/2017_South/BUOY200/7178E837.200,7178E837.200,2017-06-28 03:54:57.760469,2017-06-28 03:55:19.093802,21.333333333333332,8388608,4096000
datasets/ColorSynth/GoMRI-17/2017_South/BUOY200/7178E838.200,7178E838.200,2017-06-28 03:55:19.092156,2017-06-28 03:55:40.425489,21.333333333333332,8388608,4096000
datasets/ColorSynth/GoMRI-17/2017_South/BUOY200/7178E839.200,7178E839.200,2017-06-28 03:55:40.423844,2017-06-28 03:56:01.757177,21.333333333333332,8388608,4096000
datasets/ColorSynth/GoMRI-17/2017_South/BUOY200/7178E83A.200,7178E83A.200,2017-06-28 03:56:01.755531,2017-06-28 03:56:23.088864,21.333333333333332,8388608,4096000
datasets/ColorSynth/GoMRI-17/2017_South/BUOY200/7178E83B.200,7178E83B.200,2017-06-28 03:56:23.087187,2017-06-28 03:56:44.420520,21.333333333333332,8388608,4096000
datasets/ColorSynth/GoMRI-17/2017_South/BUOY200/7178E83C.200,7178E83C.200,2017-06-28 03:56:44.418875,2017-06-28 03:57:05.752208,21.333333333333332,8388608,4096000
datasets/ColorSynth/GoMRI-17/2017_South/BUOY200/7178E83D.200,7178E83D.200,2017-06-28 03:57:05.750562,2017-06-28 03:57:27.083895,21.333333333333332,8388608,4096000
datasets/ColorSynth/GoMRI-17/2017_South/BUOY200/7178E83E.200,7178E83E.200,2017-06-28 03:57:27.082250,2017-06-28 03:57:48.415583,21.333333333333332,8388608,4096000
datasets/ColorSynth/GoMRI-17/2017_South/BUOY200/7178E83F.200,7178E83F.200,2017-06-28 03:57:48.413906,2017-06-28 03:58:09.747239,21.333333333333332,8388608,4096000
datasets/ColorSynth/GoMRI-17/2017_South/BUOY200/7178E840.200,7178E840.200,2017-06-28 03:58:09.745594,2017-06-28 03:58:31.078927,21.333333333333332,8388608,4096000
datasets/ColorSynth/GoMRI-17/2017_South/BUOY200/7178E841.200,7178E841.200,2017-06-28 03:58:31.077281,2017-06-28 03:58:52.410614,21.333333333333332,8388608,4096000
datasets/ColorSynth/GoMRI-17/2017_South/BUOY200/7178E842.200,7178E842.200,2017-06-28 03:58:52.408969,2017-06-28 03:59:13.742302,21.333333333333332,8388608,4096000
datasets/ColorSynth/GoMRI-17/2017_South/BUOY200/7178E843.200,7178E843.200,2017-06-28 03:59:13.740656,2017-06-28 03:59:35.073989,21.333333333333332,8388608,4096000
datasets/ColorSynth/GoMRI-17/2017_South/BUOY200/7178E844.200,7178E844.200,2017-06-28 03:59:35.072312,2017-06-28 03:59:56.405645,21.333333333333332,8388608,4096000
datasets/ColorSynth/GoMRI-17/2017_South/BUOY200/7178E845.200,7178E845.200,2017-06-28 03:59:56.404000,2017-06-28 04:00:17.737333,21.333333333333332,8388608,4096000
datasets/ColorSynth/GoMRI-17/2017_South/BUOY200/7178E846.200,7178E846.200,2017-06-28 04:00:17.735688,2017-06-28 04:00:39.069021,21.333333333333332,8388608,4096000
datasets/ColorSynth/GoMRI-17/2017_South/BUOY200/7178E847.200,7178E847.200,2017-06-28 04:00:39.067375,2017-06-28 04:01:00.400708,21.333333333333332,8388608,4096000
datasets/ColorSynth/GoMRI-17/2017_South/BUOY200/7178E848.200,7178E848.200,2017-06-28 04:01:00.399031,2017-06-28 04:01:21.732364,21.333333333333332,8388608,4096000
datasets/ColorSynth/GoMRI-17/2017_South/BUOY200/7178E849.200,7178E849.200,2017-06-28 04:01:21.730719,2017-06-28 04:01:43.064052,21.333333333333332,8388608,4096000
datasets/ColorSynth/GoMRI-17/2017_South/BUOY200/7178E84A.200,7178E84A.200,2017-06-28 04:01:43.062406,2017-06-28 04:02:04.395739,21.333333333333332,8388608,4096000
datasets/ColorSynth/GoMRI-17/2017_South/BUOY200/7178E84B.200,7178E84B.200,2017-06-28 04:02:04.394094,2017-06-28 04:02:25.727427,21.333333333333332,8388608,4096000
datasets/ColorSynth/GoMRI-17/2017_South/BUOY200/7178E84C.200,7178E84C.200,2017-06-28 04:02:25.725781,2017-06-28 04:02:47.059114,21.333333333333332,8388608,4096000
datasets/ColorSynth/GoMRI-17/2017_South/BUOY200/7178E84D.200,7178E84D.200,2017-06-28 04:02:47.057438,2017-06-28 04:03:08.390771,21.333333333333332,8388608,4096000
datasets/ColorSynth/GoMRI-17/2017_South/BUOY200/7178E84E.200,7178E84E.200,2017-06-28 04:03:08.389125,2017-06-28 04:03:29.722458,21.333333333333332,8388608,4096000
datasets/ColorSynth/GoMRI-17/2017_South/BUOY200/7178E84F.200,7178E84F.200,2017-06-28 04:03:29.720812,2017-06-28 04:03:51.054145,21.333333333333332,8388608,4096000
datasets/ColorSynth/GoMRI-17/2017_South/BUOY200/7178E850.200,7178E850.200,2017-06-28 04:03:51.052500,2017-06-28 04:04:12.385833,21.333333333333332,8388608,4096000
datasets/ColorSynth/GoMRI-17/2017_South/BUOY200/7178E851.200,7178E851.200,2017-06-28 04:04:12.384156,2017-06-28 04:04:33.717489,21.333333333333332,8388608,4096000
datasets/ColorSynth/GoMRI-17/2017_South/BUOY200/7178E852.200,7178E852.200,2017-06-28 04:04:33.715844,2017-06-28 04:04:55.049177,21.333333333333332,8388608,4096000
datasets/ColorSynth/GoMRI-17/2017_South/BUOY200/7178E853.200,7178E853.200,2017-06-28 04:04:55.047531,2017-06-28 04:05:16.380864,21.333333333333332,8388608,4096000
datasets/ColorSynth/GoMRI-17/2017_South/BUOY200/7178E854.200,7178E854.200,2017-06-28 04:05:16.379219,2017-06-28 04:05:37.712552,21.333333333333332,8388608,4096000
datasets/ColorSynth/GoMRI-17/2017_South/BUOY200/7178E855.200,7178E855.200,2017-06-28 04:05:37.710875,2017-06-28 04:05:59.044208,21.333333333333332,8388608,4096000
datasets/ColorSynth/GoMRI-17/2017_South/BUOY200/7178E856.200,7178E856.200,2017-06-28 04:05:59.042562,2017-06-28 04:06:20.375895,21.333333333333332,8388608,4096000
datasets/ColorSynth/GoMRI-17/2017_South/BUOY200/7178E857.200,7178E857.200,2017-06-28 04:06:20.374250,2017-06-28 04:06:41.707583,21.333333333333332,8388608,4096000
datasets/ColorSynth/GoMRI-17/2017_South/BUOY200/7178E858.200,7178E858.200,2017-06-28 04:06:41.705937,2017-06-28 04:07:03.039270,21.333333333333332,8388608,4096000
datasets/ColorSynth/GoMRI-17/2017_South/BUOY200/7178E859.200,7178E859.200,2017-06-28 04:07:03.037625,2017-06-28 04:07:24.370958,21.333333333333332,8388608,4096000
datasets/ColorSynth/GoMRI-17/2017_South/BUOY200/7178E85A.200,7178E85A.200,2017-06-28 04:07:24.369281,2017-06-28 04:07:45.702614,21.333333333333332,8388608,4096000
datasets/ColorSynth/GoMRI-17/2017_South/BUOY200/7178E85B.200,7178E85B.200,2017-06-28 04:07:45.700969,2017-06-28 04:08:07.034302,21.333333333333332,8388608,4096000
datasets/ColorSynth/GoMRI-17/2017_South/BUOY200/7178E85C.200,7178E85C.200,2017-06-28 04:08:07.032656,2017-06-28 04:08:28.365989,21.333333333333332,8388608,4096000
datasets/ColorSynth/GoMRI-17/2017_South/BUOY200/7178E85D.200,7178E85D.200,2017-06-28 04:08:28.364344,2017-06-28 04:08:49.697677,21.333333333333332,8388608,4096000
datasets/ColorSynth/GoMRI-17/2017_South/BUOY200/7178E85E.200,7178E85E.200,2017-06-28 04:08:49.696000,2017-06-28 04:09:11.029333,21.333333333333332,8388608,4096000
datasets/ColorSynth/GoMRI-17/2017_South/BUOY200/7178E85F.200,7178E85F.200,2017-06-28 04:09:11.027687,2017-06-28 04:09:32.361020,21.333333333333332,8388608,4096000
datasets/ColorSynth/GoMRI-17/2017_South/BUOY200/7178E860.200,7178E860.200,2017-06-28 04:09:32.359375,2017-06-28 04:09:53.692708,21.333333333333332,8388608,4096000
datasets/ColorSynth/GoMRI-17/2017_South/BUOY200/7178E861.200,7178E861.200,2017-06-28 04:09:53.691063,2017-06-28 04:10:15.024396,21.333333333333332,8388608,4096000
datasets/ColorSynth/GoMRI-17/2017_South/BUOY200/7178E862.200,7178E862.200,2017-06-28 04:10:15.022750,2017-06-28 04:10:36.356083,21.333333333333332,8388608,4096000
datasets/ColorSynth/GoMRI-17/2017_South/BUOY200/7178E863.200,7178E863.200,2017-06-28 04:10:36.354406,2017-06-28 04:10:57.687739,21.333333333333332,8388608,4096000
datasets/ColorSynth/GoMRI-17/2017_South/BUOY200/7178E864.200,7178E864.200,2017-06-28 04:10:57.686094,2017-06-28 04:11:19.019427,21.333333333333332,8388608,4096000
datasets/ColorSynth/GoMRI-17/2017_South/BUOY200/7178E865.200,7178E865.200,2017-06-28 04:11:19.017781,2017-06-28 04:11:40.351114,21.333333333333332,8388608,4096000
datasets/ColorSynth/GoMRI-17/2017_South/BUOY200/7178E866.200,7178E866.200,2017-06-28 04:11:40.349469,2017-06-28 04:12:01.682802,21.333333333333332,8388608,4096000
datasets/ColorSynth/GoMRI-17/2017_South/BUOY200/7178E867.200,7178E867.200,2017-06-28 04:12:01.681125,2017-06-28 04:12:23.014458,21.333333333333332,8388608,4096000
datasets/ColorSynth/GoMRI-17/2017_South/BUOY200/7178E868.200,7178E868.200,2017-06-28 04:12:23.012813,2017-06-28 04:12:44.346146,21.333333333333332,8388608,4096000
datasets/ColorSynth/GoMRI-17/2017_South/BUOY200/7178E869.200,7178E869.200,2017-06-28 04:12:44.344500,2017-06-28 04:13:05.677833,21.333333333333332,8388608,4096000
datasets/ColorSynth/GoMRI-17/2017_South/BUOY200/7178E86A.200,7178E86A.200,2017-06-28 04:13:05.676188,2017-06-28 04:13:27.009521,21.333333333333332,8388608,4096000
datasets/ColorSynth/GoMRI-17/2017_South/BUOY200/7178E86B.200,7178E86B.200,2017-06-28 04:13:27.007844,2017-06-28 04:13:48.341177,21.333333333333332,8388608,4096000
datasets/ColorSynth/GoMRI-17/2017_South/BUOY200/7178E86C.200,7178E86C.200,2017-06-28 04:13:48.339531,2017-06-28 04:14:09.672864,21.333333333333332,8388608,4096000
datasets/ColorSynth/GoMRI-17/2017_South/BUOY200/7178E86D.200,7178E86D.200,2017-06-28 04:14:09.671219,2017-06-28 04:14:31.004552,21.333333333333332,8388608,4096000
datasets/ColorSynth/GoMRI-17/2017_South/BUOY200/7178E86E.200,7178E86E.200,2017-06-28 04:14:31.002906,2017-06-28 04:14:52.336239,21.333333333333332,8388608,4096000
datasets/ColorSynth/GoMRI-17/2017_South/BUOY200/7178E86F.200,7178E86F.200,2017-06-28 04:14:52.334594,2017-06-28 04:15:13.667927,21.333333333333332,8388608,4096000
datasets/ColorSynth/GoMRI-17/2017_South/BUOY200/7178E870.200,7178E870.200,2017-06-28 04:15:13.666250,2017-06-28 04:15:34.999583,21.333333333333332,8388608,4096000
datasets/ColorSynth/GoMRI-17/2017_South/BUOY200/7178E871.200,7178E871.200,2017-06-28 04:15:34.997938,2017-06-28 04:15:56.331271,21.333333333333332,8388608,4096000
datasets/ColorSynth/GoMRI-17/2017_South/BUOY200/7178E872.200,7178E872.200,2017-06-28 04:15:56.329625,2017-06-28 04:16:17.662958,21.333333333333332,8388608,4096000
datasets/ColorSynth/GoMRI-17/2017_South/BUOY200/7178E873.200,7178E873.200,2017-06-28 04:16:17.661312,2017-06-28 04:16:38.994645,21.333333333333332,8388608,4096000
datasets/ColorSynth/GoMRI-17/2017_South/BUOY200/7178E874.200,7178E874.200,2017-06-28 04:16:38.992969,2017-06-28 04:17:00.326302,21.333333333333332,8388608,4096000
datasets/ColorSynth/GoMRI-17/2017_South/BUOY200/7178E875.200,7178E875.200,2017-06-28 04:17:00.324656,2017-06-28 04:17:21.657989,21.333333333333332,8388608,4096000
datasets/ColorSynth/GoMRI-17/2017_South/BUOY200/7178E876.200,7178E876.200,2017-06-28 04:17:21.656344,2017-06-28 04:17:42.989677,21.333333333333332,8388608,4096000
datasets/ColorSynth/GoMRI-17/2017_South/BUOY200/7178E877.200,7178E877.200,2017-06-28 04:17:42.988031,2017-06-28 04:18:04.321364,21.333333333333332,8388608,4096000
datasets/ColorSynth/GoMRI-17/2017_South/BUOY200/7178E878.200,7178E878.200,2017-06-28 04:18:04.319719,2017-06-28 04:18:25.653052,21.333333333333332,8388608,4096000
datasets/ColorSynth/GoMRI-17/2017_South/BUOY200/7178E879.200,7178E879.200,2017-06-28 04:18:25.651375,2017-06-28 04:18:46.984708,21.333333333333332,8388608,4096000
datasets/ColorSynth/GoMRI-17/2017_South/BUOY200/7178E87A.200,7178E87A.200,2017-06-28 04:18:46.983062,2017-06-28 04:19:08.316395,21.333333333333332,8388608,4096000
datasets/ColorSynth/GoMRI-17/2017_South/BUOY200/7178E87B.200,7178E87B.200,2017-06-28 04:19:08.314750,2017-06-28 04:19:29.648083,21.333333333333332,8388608,4096000
datasets/ColorSynth/GoMRI-17/2017_South/BUOY200/7178E87C.200,7178E87C.200,2017-06-28 04:19:29.646438,2017-06-28 04:19:50.979771,21.333333333333332,8388608,4096000
datasets/ColorSynth/GoMRI-17/2017_South/BUOY200/7178E87D.200,7178E87D.200,2017-06-28 04:19:50.978094,2017-06-28 04:20:12.311427,21.333333333333332,8388608,4096000
datasets/ColorSynth/GoMRI-17/2017_South/BUOY200/7178E87E.200,7178E87E.200,2017-06-28 04:20:12.309781,2017-06-28 04:20:33.643114,21.333333333333332,8388608,4096000
datasets/ColorSynth/GoMRI-17/2017_South/BUOY200/7178E87F.200,7178E87F.200,2017-06-28 04:20:33.641469,2017-06-28 04:20:54.974802,21.333333333333332,8388608,4096000
datasets/ColorSynth/GoMRI-17/2017_South/BUOY200/7178E880.200,7178E880.200,2017-06-28 04:20:54.973156,2017-06-28 04:21:16.306489,21.333333333333332,8388608,4096000
datasets/ColorSynth/GoMRI-17/2017_South/BUOY200/7178E881.200,7178E881.200,2017-06-28 04:21:16.304812,2017-06-28 04:21:37.638145,21.333333333333332,8388608,4096000
datasets/ColorSynth/GoMRI-17/2017_South/BUOY200/7178E882.200,7178E882.200,2017-06-28 04:21:37.636500,2017-06-28 04:21:58.969833,21.333333333333332,8388608,4096000
datasets/ColorSynth/GoMRI-17/2017_South/BUOY200/7178E883.200,7178E883.200,2017-06-28 04:21:58.968188,2017-06-28 04:22:20.301521,21.333333333333332,8388608,4096000
datasets/ColorSynth/GoMRI-17/2017_South/BUOY200/7178E884.200,7178E884.200,2017-06-28 04:22:20.299875,2017-06-28 04:22:41.633208,21.333333333333332,8388608,4096000
datasets/ColorSynth/GoMRI-17/2017_South/BUOY200/7178E885.200,7178E885.200,2017-06-28 04:22:41.631563,2017-06-28 04:23:02.964896,21.333333333333332,8388608,4096000
datasets/ColorSynth/GoMRI-17/2017_South/BUOY200/7178E886.200,7178E886.200,2017-06-28 04:23:02.963219,2017-06-28 04:23:24.296552,21.333333333333332,8388608,4096000
datasets/ColorSynth/GoMRI-17/2017_South/BUOY200/7178E887.200,7178E887.200,2017-06-28 04:23:24.294906,2017-06-28 04:23:45.628239,21.333333333333332,8388608,4096000
datasets/ColorSynth/GoMRI-17/2017_South/BUOY200/7178E888.200,7178E888.200,2017-06-28 04:23:45.626594,2017-06-28 04:24:06.959927,21.333333333333332,8388608,4096000
datasets/ColorSynth/GoMRI-17/2017_South/BUOY200/7178E889.200,7178E889.200,2017-06-28 04:24:06.958281,2017-06-28 04:24:28.291614,21.333333333333332,8388608,4096000
datasets/ColorSynth/GoMRI-17/2017_South/BUOY200/7178E88A.200,7178E88A.200,2017-06-28 04:24:28.289938,2017-06-28 04:24:49.623271,21.333333333333332,8388608,4096000
datasets/ColorSynth/GoMRI-17/2017_South/BUOY200/7178E88B.200,7178E88B.200,2017-06-28 04:24:49.621625,2017-06-28 04:25:10.954958,21.333333333333332,8388608,4096000
datasets/ColorSynth/GoMRI-17/2017_South/BUOY200/7178E88C.200,7178E88C.200,2017-06-28 04:25:10.953313,2017-06-28 04:25:32.286646,21.333333333333332,8388608,4096000
datasets/ColorSynth/GoMRI-17/2017_South/BUOY200/7178E88D.200,7178E88D.200,2017-06-28 04:25:32.285000,2017-06-28 04:25:53.618333,21.333333333333332,8388608,4096000
datasets/ColorSynth/GoMRI-17/2017_South/BUOY200/7178E88E.200,7178E88E.200,2017-06-28 04:25:53.616687,2017-06-28 04:26:14.950020,21.333333333333332,8388608,4096000
datasets/ColorSynth/GoMRI-17/2017_South/BUOY200/7178E88F.200,7178E88F.200,2017-06-28 04:26:14.948344,2017-06-28 04:26:36.281677,21.333333333333332,8388608,4096000
datasets/ColorSynth/GoMRI-17/2017_South/BUOY200/7178E890.200,7178E890.200,2017-06-28 04:26:36.280031,2017-06-28 04:26:57.613364,21.333333333333332,8388608,4096000
datasets/ColorSynth/GoMRI-17/2017_South/BUOY200/7178E891.200,7178E891.200,2017-06-28 04:26:57.611719,2017-06-28 04:27:18.945052,21.333333333333332,8388608,4096000
datasets/ColorSynth/GoMRI-17/2017_South/BUOY200/7178E892.200,7178E892.200,2017-06-28 04:27:18.943406,2017-06-28 04:27:40.276739,21.333333333333332,8388608,4096000
datasets/ColorSynth/GoMRI-17/2017_South/BUOY200/7178E893.200,7178E893.200,2017-06-28 04:27:40.275063,2017-06-28 04:28:01.608396,21.333333333333332,8388608,4096000
datasets/ColorSynth/GoMRI-17/2017_South/BUOY200/7178E894.200,7178E894.200,2017-06-28 04:28:01.606750,2017-06-28 04:28:22.940083,21.333333333333332,8388608,4096000
datasets/ColorSynth/GoMRI-17/2017_South/BUOY200/7178E895.200,7178E895.200,2017-06-28 04:28:22.938437,2017-06-28 04:28:44.271770,21.333333333333332,8388608,4096000
datasets/ColorSynth/GoMRI-17/2017_South/BUOY200/7178E896.200,7178E896.200,2017-06-28 04:28:44.270125,2017-06-28 04:29:05.603458,21.333333333333332,8388608,4096000
datasets/ColorSynth/GoMRI-17/2017_South/BUOY200/7178E897.200,7178E897.200,2017-06-28 04:29:05.601781,2017-06-28 04:29:26.935114,21.333333333333332,8388608,4096000
datasets/ColorSynth/GoMRI-17/2017_South/BUOY200/7178E898.200,7178E898.200,2017-06-28 04:29:26.933469,2017-06-28 04:29:48.266802,21.333333333333332,8388608,4096000
datasets/ColorSynth/GoMRI-17/2017_South/BUOY200/7178E899.200,7178E899.200,2017-06-28 04:29:48.265156,2017-06-28 04:30:09.598489,21.333333333333332,8388608,4096000
datasets/ColorSynth/GoMRI-17/2017_South/BUOY200/7178E89A.200,7178E89A.200,2017-06-28 04:30:09.596844,2017-06-28 04:30:30.930177,21.333333333333332,8388608,4096000
datasets/ColorSynth/GoMRI-17/2017_South/BUOY200/7178E89B.200,7178E89B.200,2017-06-28 04:30:30.928531,2017-06-28 04:30:52.261864,21.333333333333332,8388608,4096000
datasets/ColorSynth/GoMRI-17/2017_South/BUOY200/7178E89C.200,7178E89C.200,2017-06-28 04:30:52.260187,2017-06-28 04:31:13.593520,21.333333333333332,8388608,4096000
datasets/ColorSynth/GoMRI-17/2017_South/BUOY200/7178E89D.200,7178E89D.200,2017-06-28 04:31:13.591875,2017-06-28 04:31:34.925208,21.333333333333332,8388608,4096000
datasets/ColorSynth/GoMRI-17/2017_South/BUOY200/7178E89E.200,7178E89E.200,2017-06-28 04:31:34.923562,2017-06-28 04:31:56.256895,21.333333333333332,8388608,4096000
datasets/ColorSynth/GoMRI-17/2017_South/BUOY200/7178E89F.200,7178E89F.200,2017-06-28 04:31:56.255250,2017-06-28 04:32:17.588583,21.333333333333332,8388608,4096000
datasets/ColorSynth/GoMRI-17/2017_South/BUOY200/7178E8A0.200,7178E8A0.200,2017-06-28 04:32:17.586906,2017-06-28 04:32:38.920239,21.333333333333332,8388608,4096000
datasets/ColorSynth/GoMRI-17/2017_South/BUOY200/7178E8A1.200,7178E8A1.200,2017-06-28 04:32:38.918594,2017-06-28 04:33:00.251927,21.333333333333332,8388608,4096000
datasets/ColorSynth/GoMRI-17/2017_South/BUOY200/7178E8A2.200,7178E8A2.200,2017-06-28 04:33:00.250281,2017-06-28 04:33:21.583614,21.333333333333332,8388608,4096000
datasets/ColorSynth/GoMRI-17/2017_South/BUOY200/7178E8A3.200,7178E8A3.200,2017-06-28 04:33:21.581969,2017-06-28 04:33:42.915302,21.333333333333332,8388608,4096000
datasets/ColorSynth/GoMRI-17/2017_South/BUOY200/7178E8A4.200,7178E8A4.200,2017-06-28 04:33:42.913625,2017-06-28 04:34:04.246958,21.333333333333332,8388608,4096000
datasets/ColorSynth/GoMRI-17/2017_South/BUOY200/7178E8A5.200,7178E8A5.200,2017-06-28 04:34:04.245312,2017-06-28 04:34:25.578645,21.333333333333332,8388608,4096000
datasets/ColorSynth/GoMRI-17/2017_South/BUOY200/7178E8A6.200,7178E8A6.200,2017-06-28 04:34:25.577000,2017-06-28 04:34:46.910333,21.333333333333332,8388608,4096000
datasets/ColorSynth/GoMRI-17/2017_South/BUOY200/7178E8A7.200,7178E8A7.200,2017-06-28 04:34:46.908688,2017-06-28 04:35:08.242021,21.333333333333332,8388608,4096000
datasets/ColorSynth/GoMRI-17/2017_South/BUOY200/7178E8A8.200,7178E8A8.200,2017-06-28 04:35:08.240375,2017-06-28 04:35:29.573708,21.333333333333332,8388608,4096000
datasets/ColorSynth/GoMRI-17/2017_South/BUOY200/7178E8A9.200,7178E8A9.200,2017-06-28 04:35:29.572031,2017-06-28 04:35:50.905364,21.333333333333332,8388608,4096000
datasets/ColorSynth/GoMRI-17/2017_South/BUOY200/7178E8AA.200,7178E8AA.200,2017-06-28 04:35:50.903719,2017-06-28 04:36:12.237052,21.333333333333332,8388608,4096000
datasets/ColorSynth/GoMRI-17/2017_South/BUOY200/7178E8AB.200,7178E8AB.200,2017-06-28 04:36:12.235406,2017-06-28 04:36:33.568739,21.333333333333332,8388608,4096000
datasets/ColorSynth/GoMRI-17/2017_South/BUOY200/7178E8AC.200,7178E8AC.200,2017-06-28 04:36:33.567094,2017-06-28 04:36:54.900427,21.333333333333332,8388608,4096000
datasets/ColorSynth/GoMRI-17/2017_South/BUOY200/7178E8AD.200,7178E8AD.200,2017-06-28 04:36:54.898750,2017-06-28 04:37:16.232083,21.333333333333332,8388608,4096000
datasets/ColorSynth/GoMRI-17/2017_South/BUOY200/7178E8AE.200,7178E8AE.200,2017-06-28 04:37:16.230438,2017-06-28 04:37:37.563771,21.333333333333332,8388608,4096000
datasets/ColorSynth/GoMRI-17/2017_South/BUOY200/7178E8AF.200,7178E8AF.200,2017-06-28 04:37:37.562125,2017-06-28 04:37:58.895458,21.333333333333332,8388608,4096000
datasets/ColorSynth/GoMRI-17/2017_South/BUOY200/7178E8B0.200,7178E8B0.200,2017-06-28 04:37:58.893812,2017-06-28 04:38:20.227145,21.333333333333332,8388608,4096000
datasets/ColorSynth/GoMRI-17/2017_South/BUOY200/7178E8B1.200,7178E8B1.200,2017-06-28 04:38:20.225500,2017-06-28 04:38:41.558833,21.333333333333332,8388608,4096000
datasets/ColorSynth/GoMRI-17/2017_South/BUOY200/7178E8B2.200,7178E8B2.200,2017-06-28 04:38:41.557156,2017-06-28 04:39:02.890489,21.333333333333332,8388608,4096000
datasets/ColorSynth/GoMRI-17/2017_South/BUOY200/7178E8B3.200,7178E8B3.200,2017-06-28 04:39:02.888844,2017-06-28 04:39:24.222177,21.333333333333332,8388608,4096000
datasets/ColorSynth/GoMRI-17/2017_South/BUOY200/7178E8B4.200,7178E8B4.200,2017-06-28 04:39:24.220531,2017-06-28 04:39:45.553864,21.333333333333332,8388608,4096000
datasets/ColorSynth/GoMRI-17/2017_South/BUOY200/7178E8B5.200,7178E8B5.200,2017-06-28 04:39:45.552219,2017-06-28 04:40:06.885552,21.333333333333332,8388608,4096000
datasets/ColorSynth/GoMRI-17/2017_South/BUOY200/7178E8B6.200,7178E8B6.200,2017-06-28 04:40:06.883875,2017-06-28 04:40:28.217208,21.333333333333332,8388608,4096000
datasets/ColorSynth/GoMRI-17/2017_South/BUOY200/7178E8B7.200,7178E8B7.200,2017-06-28 04:40:28.215563,2017-06-28 04:40:49.548896,21.333333333333332,8388608,4096000
datasets/ColorSynth/GoMRI-17/2017_South/BUOY200/7178E8B8.200,7178E8B8.200,2017-06-28 04:40:49.547250,2017-06-28 04:41:10.880583,21.333333333333332,8388608,4096000
datasets/ColorSynth/GoMRI-17/2017_South/BUOY200/7178E8B9.200,7178E8B9.200,2017-06-28 04:41:10.878937,2017-06-28 04:41:32.212270,21.333333333333332,8388608,4096000
datasets/ColorSynth/GoMRI-17/2017_South/BUOY200/7178E8BA.200,7178E8BA.200,2017-06-28 04:41:32.210594,2017-06-28 04:41:53.543927,21.333333333333332,8388608,4096000
datasets/ColorSynth/GoMRI-17/2017_South/BUOY200/7178E8BB.200,7178E8BB.200,2017-06-28 04:41:53.542281,2017-06-28 04:42:14.875614,21.333333333333332,8388608,4096000
datasets/ColorSynth/GoMRI-17/2017_South/BUOY200/7178E8BC.200,7178E8BC.200,2017-06-28 04:42:14.873969,2017-06-28 04:42:36.207302,21.333333333333332,8388608,4096000
datasets/ColorSynth/GoMRI-17/2017_South/BUOY200/7178E8BD.200,7178E8BD.200,2017-06-28 04:42:36.205656,2017-06-28 04:42:57.538989,21.333333333333332,8388608,4096000
datasets/ColorSynth/GoMRI-17/2017_South/BUOY200/7178E8BE.200,7178E8BE.200,2017-06-28 04:42:57.537344,2017-06-28 04:43:18.870677,21.333333333333332,8388608,4096000
datasets/ColorSynth/GoMRI-17/2017_South/BUOY200/7178E8BF.200,7178E8BF.200,2017-06-28 04:43:18.869000,2017-06-28 04:43:40.202333,21.333333333333332,8388608,4096000
datasets/ColorSynth/GoMRI-17/2017_South/BUOY200/7178E8C0.200,7178E8C0.200,2017-06-28 04:43:40.200687,2017-06-28 04:44:01.534020,21.333333333333332,8388608,4096000
datasets/ColorSynth/GoMRI-17/2017_South/BUOY200/7178E8C1.200,7178E8C1.200,2017-06-28 04:44:01.532375,2017-06-28 04:44:22.865708,21.333333333333332,8388608,4096000
datasets/ColorSynth/GoMRI-17/2017_South/BUOY200/7178E8C2.200,7178E8C2.200,2017-06-28 04:44:22.864063,2017-06-28 04:44:44.197396,21.333333333333332,8388608,4096000
datasets/ColorSynth/GoMRI-17/2017_South/BUOY200/7178E8C3.200,7178E8C3.200,2017-06-28 04:44:44.195719,2017-06-28 04:45:05.529052,21.333333333333332,8388608,4096000
datasets/ColorSynth/GoMRI-17/2017_South/BUOY200/7178E8C4.200,7178E8C4.200,2017-06-28 04:45:05.527406,2017-06-28 04:45:26.860739,21.333333333333332,8388608,4096000
datasets/ColorSynth/GoMRI-17/2017_South/BUOY200/7178E8C5.200,7178E8C5.200,2017-06-28 04:45:26.859094,2017-06-28 04:45:48.192427,21.333333333333332,8388608,4096000
datasets/ColorSynth/GoMRI-17/2017_South/BUOY200/7178E8C6.200,7178E8C6.200,2017-06-28 04:45:48.190781,2017-06-28 04:46:09.524114,21.333333333333332,8388608,4096000
datasets/ColorSynth/GoMRI-17/2017_South/BUOY200/7178E8C7.200,7178E8C7.200,2017-06-28 04:46:09.522469,2017-06-28 04:46:30.855802,21.333333333333332,8388608,4096000
datasets/ColorSynth/GoMRI-17/2017_South/BUOY200/7178E8C8.200,7178E8C8.200,2017-06-28 04:46:30.854125,2017-06-28 04:46:52.187458,21.333333333333332,8388608,4096000
datasets/ColorSynth/GoMRI-17/2017_South/BUOY200/7178E8C9.200,7178E8C9.200,2017-06-28 04:46:52.185813,2017-06-28 04:47:13.519146,21.333333333333332,8388608,4096000
datasets/ColorSynth/GoMRI-17/2017_South/BUOY200/7178E8CA.200,7178E8CA.200,2017-06-28 04:47:13.517500,2017-06-28 04:47:34.850833,21.333333333333332,8388608,4096000
datasets/ColorSynth/GoMRI-17/2017_South/BUOY200/7178E8CB.200,7178E8CB.200,2017-06-28 04:47:34.849188,2017-06-28 04:47:56.182521,21.333333333333332,8388608,4096000
datasets/ColorSynth/GoMRI-17/2017_South/BUOY200/7178E8CC.200,7178E8CC.200,2017-06-28 04:47:56.180844,2017-06-28 04:48:17.514177,21.333333333333332,8388608,4096000
datasets/ColorSynth/GoMRI-17/2017_South/BUOY200/7178E8CD.200,7178E8CD.200,2017-06-28 04:48:17.512531,2017-06-28 04:48:38.845864,21.333333333333332,8388608,4096000
datasets/ColorSynth/GoMRI-17/2017_South/BUOY200/7178E8CE.200,7178E8CE.200,2017-06-28 04:48:38.844219,2017-06-28 04:49:00.177552,21.333333333333332,8388608,4096000
datasets/ColorSynth/GoMRI-17/2017_South/BUOY200/7178E8CF.200,7178E8CF.200,2017-06-28 04:49:00.175906,2017-06-28 04:49:21.509239,21.333333333333332,8388608,4096000
datasets/ColorSynth/GoMRI-17/2017_South/BUOY200/7178E8D0.200,7178E8D0.200,2017-06-28 04:49:21.507563,2017-06-28 04:49:42.840896,21.333333333333332,8388608,4096000
datasets/ColorSynth/GoMRI-17/2017_South/BUOY200/7178E8D1.200,7178E8D1.200,2017-06-28 04:49:42.839250,2017-06-28 04:50:04.172583,21.333333333333332,8388608,4096000
datasets/ColorSynth/GoMRI-17/2017_South/BUOY200/7178E8D2.200,7178E8D2.200,2017-06-28 04:50:04.170938,2017-06-28 04:50:25.504271,21.333333333333332,8388608,4096000
datasets/ColorSynth/GoMRI-17/2017_South/BUOY200/7178E8D3.200,7178E8D3.200,2017-06-28 04:50:25.502625,2017-06-28 04:50:46.835958,21.333333333333332,8388608,4096000
datasets/ColorSynth/GoMRI-17/2017_South/BUOY200/7178E8D4.200,7178E8D4.200,2017-06-28 04:50:46.834312,2017-06-28 04:51:08.167645,21.333333333333332,8388608,4096000
datasets/ColorSynth/GoMRI-17/2017_South/BUOY200/7178E8D5.200,7178E8D5.200,2017-06-28 04:51:08.165969,2017-06-28 04:51:29.499302,21.333333333333332,8388608,4096000
datasets/ColorSynth/GoMRI-17/2017_South/BUOY200/7178E8D6.200,7178E8D6.200,2017-06-28 04:51:29.497656,2017-06-28 04:51:50.830989,21.333333333333332,8388608,4096000
datasets/ColorSynth/GoMRI-17/2017_South/BUOY200/7178E8D7.200,7178E8D7.200,2017-06-28 04:51:50.829344,2017-06-28 04:52:12.162677,21.333333333333332,8388608,4096000
datasets/ColorSynth/GoMRI-17/2017_South/BUOY200/7178E8D8.200,7178E8D8.200,2017-06-28 04:52:12.161031,2017-06-28 04:52:33.494364,21.333333333333332,8388608,4096000
datasets/ColorSynth/GoMRI-17/2017_South/BUOY200/7178E8D9.200,7178E8D9.200,2017-06-28 04:52:33.492688,2017-06-28 04:52:54.826021,21.333333333333332,8388608,4096000
datasets/ColorSynth/GoMRI-17/2017_South/BUOY200/7178E8DA.200,7178E8DA.200,2017-06-28 04:52:54.824375,2017-06-28 04:53:16.157708,21.333333333333332,8388608,4096000
datasets/ColorSynth/GoMRI-17/2017_South/BUOY200/7178E8DB.200,7178E8DB.200,2017-06-28 04:53:16.156062,2017-06-28 04:53:37.489395,21.333333333333332,8388608,4096000
datasets/ColorSynth/GoMRI-17/2017_South/BUOY200/7178E8DC.200,7178E8DC.200,2017-06-28 04:53:37.487750,2017-06-28 04:53:58.821083,21.333333333333332,8388608,4096000
datasets/ColorSynth/GoMRI-17/2017_South/BUOY200/7178E8DD.200,7178E8DD.200,2017-06-28 04:53:58.819406,2017-06-28 04:54:20.152739,21.333333333333332,8388608,4096000
datasets/ColorSynth/GoMRI-17/2017_South/BUOY200/7178E8DE.200,7178E8DE.200,2017-06-28 04:54:20.151094,2017-06-28 04:54:41.484427,21.333333333333332,8388608,4096000
datasets/ColorSynth/GoMRI-17/2017_South/BUOY200/7178E8DF.200,7178E8DF.200,2017-06-28 04:54:41.482781,2017-06-28 04:55:02.816114,21.333333333333332,8388608,4096000
datasets/ColorSynth/GoMRI-17/2017_South/BUOY200/7178E8E0.200,7178E8E0.200,2017-06-28 04:55:02.814469,2017-06-28 04:55:24.147802,21.333333333333332,8388608,4096000
datasets/ColorSynth/GoMRI-17/2017_South/BUOY200/7178E8E1.200,7178E8E1.200,2017-06-28 04:55:24.146156,2017-06-28 04:55:45.479489,21.333333333333332,8388608,4096000
datasets/ColorSynth/GoMRI-17/2017_South/BUOY200/7178E8E2.200,7178E8E2.200,2017-06-28 04:55:45.477812,2017-06-28 04:56:06.811145,21.333333333333332,8388608,4096000
datasets/ColorSynth/GoMRI-17/2017_South/BUOY200/7178E8E3.200,7178E8E3.200,2017-06-28 04:56:06.809500,2017-06-28 04:56:28.142833,21.333333333333332,8388608,4096000
datasets/ColorSynth/GoMRI-17/2017_South/BUOY200/7178E8E4.200,7178E8E4.200,2017-06-28 04:56:28.141187,2017-06-28 04:56:49.474520,21.333333333333332,8388608,4096000
datasets/ColorSynth/GoMRI-17/2017_South/BUOY200/7178E8E5.200,7178E8E5.200,2017-06-28 04:56:49.472875,2017-06-28 04:57:10.806208,21.333333333333332,8388608,4096000
datasets/ColorSynth/GoMRI-17/2017_South/BUOY200/7178E8E6.200,7178E8E6.200,2017-06-28 04:57:10.804531,2017-06-28 04:57:32.137864,21.333333333333332,8388608,4096000
datasets/ColorSynth/GoMRI-17/2017_South/BUOY200/7178E8E7.200,7178E8E7.200,2017-06-28 04:57:32.136219,2017-06-28 04:57:53.469552,21.333333333333332,8388608,4096000
datasets/ColorSynth/GoMRI-17/2017_South/BUOY200/7178E8E8.200,7178E8E8.200,2017-06-28 04:57:53.467906,2017-06-28 04:58:14.801239,21.333333333333332,8388608,4096000
datasets/ColorSynth/GoMRI-17/2017_South/BUOY200/7178E8E9.200,7178E8E9.200,2017-06-28 04:58:14.799594,2017-06-28 04:58:36.132927,21.333333333333332,8388608,4096000
datasets/ColorSynth/GoMRI-17/2017_South/BUOY200/7178E8EA.200,7178E8EA.200,2017-06-28 04:58:36.131250,2017-06-28 04:58:57.464583,21.333333333333332,8388608,4096000
datasets/ColorSynth/GoMRI-17/2017_South/BUOY200/7178E8EB.200,7178E8EB.200,2017-06-28 04:58:57.462937,2017-06-28 04:59:18.796270,21.333333333333332,8388608,4096000
datasets/ColorSynth/GoMRI-17/2017_South/BUOY200/7178E8EC.200,7178E8EC.200,2017-06-28 04:59:18.794625,2017-06-28 04:59:40.127958,21.333333333333332,8388608,4096000
datasets/ColorSynth/GoMRI-17/2017_South/BUOY200/7178E8ED.200,7178E8ED.200,2017-06-28 04:59:40.126313,2017-06-28 05:00:01.459646,21.333333333333332,8388608,4096000
datasets/ColorSynth/GoMRI-17/2017_South/BUOY200/7178E8EE.200,7178E8EE.200,2017-06-28 05:00:01.458000,2017-06-28 05:00:22.791333,21.333333333333332,8388608,4096000
datasets/ColorSynth/GoMRI-17/2017_South/BUOY200/7178E8EF.200,7178E8EF.200,2017-06-28 05:00:22.789656,2017-06-28 05:00:44.122989,21.333333333333332,8388608,4096000
datasets/ColorSynth/GoMRI-17/2017_South/BUOY200/7178E8F0.200,7178E8F0.200,2017-06-28 05:00:44.121344,2017-06-28 05:01:05.454677,21.333333333333332,8388608,4096000
datasets/ColorSynth/GoMRI-17/2017_South/BUOY200/7178E8F1.200,7178E8F1.200,2017-06-28 05:01:05.453031,2017-06-28 05:01:26.786364,21.333333333333332,8388608,4096000
datasets/ColorSynth/GoMRI-17/2017_South/BUOY200/7178E8F2.200,7178E8F2.200,2017-06-28 05:01:26.784719,2017-06-28 05:01:48.118052,21.333333333333332,8388608,4096000
datasets/ColorSynth/GoMRI-17/2017_South/BUOY200/7178E8F3.200,7178E8F3.200,2017-06-28 05:01:48.116375,2017-06-28 05:02:09.449708,21.333333333333332,8388608,4096000
datasets/ColorSynth/GoMRI-17/2017_South/BUOY200/7178E8F4.200,7178E8F4.200,2017-06-28 05:02:09.448063,2017-06-28 05:02:30.781396,21.333333333333332,8388608,4096000
datasets/ColorSynth/GoMRI-17/2017_South/BUOY200/7178E8F5.200,7178E8F5.200,2017-06-28 05:02:30.779750,2017-06-28 05:02:52.113083,21.333333333333332,8388608,4096000
datasets/ColorSynth/GoMRI-17/2017_South/BUOY200/7178E8F6.200,7178E8F6.200,2017-06-28 05:02:52.111437,2017-06-28 05:03:13.444770,21.333333333333332,8388608,4096000
datasets/ColorSynth/GoMRI-17/2017_South/BUOY200/7178E8F7.200,7178E8F7.200,2017-06-28 05:03:13.443125,2017-06-28 05:03:34.776458,21.333333333333332,8388608,4096000
datasets/ColorSynth/GoMRI-17/2017_South/BUOY200/7178E8F8.200,7178E8F8.200,2017-06-28 05:03:34.774781,2017-06-28 05:03:56.108114,21.333333333333332,8388608,4096000
datasets/ColorSynth/GoMRI-17/2017_South/BUOY200/7178E8F9.200,7178E8F9.200,2017-06-28 05:03:56.106469,2017-06-28 05:04:17.439802,21.333333333333332,8388608,4096000
datasets/ColorSynth/GoMRI-17/2017_South/BUOY200/7178E8FA.200,7178E8FA.200,2017-06-28 05:04:17.438156,2017-06-28 05:04:38.771489,21.333333333333332,8388608,4096000
datasets/ColorSynth/GoMRI-17/2017_South/BUOY200/7178E8FB.200,7178E8FB.200,2017-06-28 05:04:38.769844,2017-06-28 05:05:00.103177,21.333333333333332,8388608,4096000
datasets/ColorSynth/GoMRI-17/2017_South/BUOY200/7178E8FC.200,7178E8FC.200,2017-06-28 05:05:00.101500,2017-06-28 05:05:21.434833,21.333333333333332,8388608,4096000
datasets/ColorSynth/GoMRI-17/2017_South/BUOY200/7178E8FD.200,7178E8FD.200,2017-06-28 05:05:21.433187,2017-06-28 05:05:42.766520,21.333333333333332,8388608,4096000
datasets/ColorSynth/GoMRI-17/2017_South/BUOY200/7178E8FE.200,7178E8FE.200,2017-06-28 05:05:42.764875,2017-06-28 05:06:04.098208,21.333333333333332,8388608,4096000
datasets/ColorSynth/GoMRI-17/2017_South/BUOY200/7178E8FF.200,7178E8FF.200,2017-06-28 05:06:04.096562,2017-06-28 05:06:25.429895,21.333333333333332,8388608,4096000
datasets/ColorSynth/GoMRI-17/2017_South/BUOY200/7178E900.200,7178E900.200,2017-06-28 05:06:25.428219,2017-06-28 05:06:46.761552,21.333333333333332,8388608,4096000
datasets/ColorSynth/GoMRI-17/2017_South/BUOY200/7178E901.200,7178E901.200,2017-06-28 05:06:46.759906,2017-06-28 05:07:08.093239,21.333333333333332,8388608,4096000
datasets/ColorSynth/GoMRI-17/2017_South/BUOY200/7178E902.200,7178E902.200,2017-06-28 05:07:08.091594,2017-06-28 05:07:29.424927,21.333333333333332,8388608,4096000
datasets/ColorSynth/GoMRI-17/2017_South/BUOY200/7178E903.200,7178E903.200,2017-06-28 05:07:29.423281,2017-06-28 05:07:50.756614,21.333333333333332,8388608,4096000
datasets/ColorSynth/GoMRI-17/2017_South/BUOY200/7178E904.200,7178E904.200,2017-06-28 05:07:50.754969,2017-06-28 05:08:12.088302,21.333333333333332,8388608,4096000
datasets/ColorSynth/GoMRI-17/2017_South/BUOY200/7178E905.200,7178E905.200,2017-06-28 05:08:12.086625,2017-06-28 05:08:33.419958,21.333333333333332,8388608,4096000
datasets/ColorSynth/GoMRI-17/2017_South/BUOY200/7178E906.200,7178E906.200,2017-06-28 05:08:33.418312,2017-06-28 05:08:54.751645,21.333333333333332,8388608,4096000
datasets/ColorSynth/GoMRI-17/2017_South/BUOY200/7178E907.200,7178E907.200,2017-06-28 05:08:54.750000,2017-06-28 05:09:16.083333,21.333333333333332,8388608,4096000
datasets/ColorSynth/GoMRI-17/2017_South/BUOY200/7178E908.200,7178E908.200,2017-06-28 05:09:16.081688,2017-06-28 05:09:37.415021,21.333333333333332,8388608,4096000
datasets/ColorSynth/GoMRI-17/2017_South/BUOY200/7178E909.200,7178E909.200,2017-06-28 05:09:37.413344,2017-06-28 05:09:58.746677,21.333333333333332,8388608,4096000
datasets/ColorSynth/GoMRI-17/2017_South/BUOY200/7178E90A.200,7178E90A.200,2017-06-28 05:09:58.745031,2017-06-28 05:10:20.078364,21.333333333333332,8388608,4096000
datasets/ColorSynth/GoMRI-17/2017_South/BUOY200/7178E90B.200,7178E90B.200,2017-06-28 05:10:20.076719,2017-06-28 05:10:41.410052,21.333333333333332,8388608,4096000
datasets/ColorSynth/GoMRI-17/2017_South/BUOY200/7178E90C.200,7178E90C.200,2017-06-28 05:10:41.408406,2017-06-28 05:11:02.741739,21.333333333333332,8388608,4096000
datasets/ColorSynth/GoMRI-17/2017_South/BUOY200/7178E90D.200,7178E90D.200,2017-06-28 05:11:02.740094,2017-06-28 05:11:24.073427,21.333333333333332,8388608,4096000
datasets/ColorSynth/GoMRI-17/2017_South/BUOY200/7178E90E.200,7178E90E.200,2017-06-28 05:11:24.071750,2017-06-28 05:11:45.405083,21.333333333333332,8388608,4096000
datasets/ColorSynth/GoMRI-17/2017_South/BUOY200/7178E90F.200,7178E90F.200,2017-06-28 05:11:45.403438,2017-06-28 05:12:06.736771,21.333333333333332,8388608,4096000
datasets/ColorSynth/GoMRI-17/2017_South/BUOY200/7178E910.200,7178E910.200,2017-06-28 05:12:06.735125,2017-06-28 05:12:28.068458,21.333333333333332,8388608,4096000
datasets/ColorSynth/GoMRI-17/2017_South/BUOY200/7178E911.200,7178E911.200,2017-06-28 05:12:28.066813,2017-06-28 05:12:49.400146,21.333333333333332,8388608,4096000
datasets/ColorSynth/GoMRI-17/2017_South/BUOY200/7178E912.200,7178E912.200,2017-06-28 05:12:49.398469,2017-06-28 05:13:10.731802,21.333333333333332,8388608,4096000
datasets/ColorSynth/GoMRI-17/2017_South/BUOY200/7178E913.200,7178E913.200,2017-06-28 05:13:10.730156,2017-06-28 05:13:32.063489,21.333333333333332,8388608,4096000
datasets/ColorSynth/GoMRI-17/2017_South/BUOY200/7178E914.200,7178E914.200,2017-06-28 05:13:32.061844,2017-06-28 05:13:53.395177,21.333333333333332,8388608,4096000
datasets/ColorSynth/GoMRI-17/2017_South/BUOY200/7178E915.200,7178E915.200,2017-06-28 05:13:53.393531,2017-06-28 05:14:14.726864,21.333333333333332,8388608,4096000
datasets/ColorSynth/GoMRI-17/2017_South/BUOY200/7178E916.200,7178E916.200,2017-06-28 05:14:14.725188,2017-06-28 05:14:36.058521,21.333333333333332,8388608,4096000
datasets/ColorSynth/GoMRI-17/2017_South/BUOY200/7178E917.200,7178E917.200,2017-06-28 05:14:36.056875,2017-06-28 05:14:57.390208,21.333333333333332,8388608,4096000
datasets/ColorSynth/GoMRI-17/2017_South/BUOY200/7178E918.200,7178E918.200,2017-06-28 05:14:57.388563,2017-06-28 05:15:18.721896,21.333333333333332,8388608,4096000
datasets/ColorSynth/GoMRI-17/2017_South/BUOY200/7178E919.200,7178E919.200,2017-06-28 05:15:18.720250,2017-06-28 05:15:40.053583,21.333333333333332,8388608,4096000
datasets/ColorSynth/GoMRI-17/2017_South/BUOY200/7178E91A.200,7178E91A.200,2017-06-28 05:15:40.051937,2017-06-28 05:16:01.385270,21.333333333333332,8388608,4096000
datasets/ColorSynth/GoMRI-17/2017_South/BUOY200/7178E91B.200,7178E91B.200,2017-06-28 05:16:01.383594,2017-06-28 05:16:22.716927,21.333333333333332,8388608,4096000
datasets/ColorSynth/GoMRI-17/2017_South/BUOY200/7178E91C.200,7178E91C.200,2017-06-28 05:16:22.715281,2017-06-28 05:16:44.048614,21.333333333333332,8388608,4096000
datasets/ColorSynth/GoMRI-17/2017_South/BUOY200/7178E91D.200,7178E91D.200,2017-06-28 05:16:44.046969,2017-06-28 05:17:05.380302,21.333333333333332,8388608,4096000
datasets/ColorSynth/GoMRI-17/2017_South/BUOY200/7178E91E.200,7178E91E.200,2017-06-28 05:17:05.378656,2017-06-28 05:17:26.711989,21.333333333333332,8388608,4096000
datasets/ColorSynth/GoMRI-17/2017_South/BUOY200/7178E91F.200,7178E91F.200,2017-06-28 05:17:26.710313,2017-06-28 05:17:48.043646,21.333333333333332,8388608,4096000
datasets/ColorSynth/GoMRI-17/2017_South/BUOY200/7178E920.200,7178E920.200,2017-06-28 05:17:48.042000,2017-06-28 05:18:09.375333,21.333333333333332,8388608,4096000
datasets/ColorSynth/GoMRI-17/2017_South/BUOY200/7178E921.200,7178E921.200,2017-06-28 05:18:09.373687,2017-06-28 05:18:30.707020,21.333333333333332,8388608,4096000
datasets/ColorSynth/GoMRI-17/2017_South/BUOY200/7178E922.200,7178E922.200,2017-06-28 05:18:30.705375,2017-06-28 05:18:52.038708,21.333333333333332,8388608,4096000
datasets/ColorSynth/GoMRI-17/2017_South/BUOY200/7178E923.200,7178E923.200,2017-06-28 05:18:52.037063,2017-06-28 05:19:13.370396,21.333333333333332,8388608,4096000
datasets/ColorSynth/GoMRI-17/2017_South/BUOY200/7178E924.200,7178E924.200,2017-06-28 05:19:13.368719,2017-06-28 05:19:34.702052,21.333333333333332,8388608,4096000
datasets/ColorSynth/GoMRI-17/2017_South/BUOY200/7178E925.200,7178E925.200,2017-06-28 05:19:34.700406,2017-06-28 05:19:56.033739,21.333333333333332,8388608,4096000
datasets/ColorSynth/GoMRI-17/2017_South/BUOY200/7178E926.200,7178E926.200,2017-06-28 05:19:56.032094,2017-06-28 05:20:17.365427,21.333333333333332,8388608,4096000
datasets/ColorSynth/GoMRI-17/2017_South/BUOY200/7178E927.200,7178E927.200,2017-06-28 05:20:17.363781,2017-06-28 05:20:38.697114,21.333333333333332,8388608,4096000
datasets/ColorSynth/GoMRI-17/2017_South/BUOY200/7178E928.200,7178E928.200,2017-06-28 05:20:38.695437,2017-06-28 05:21:00.028770,21.333333333333332,8388608,4096000
datasets/ColorSynth/GoMRI-17/2017_South/BUOY200/7178E929.200,7178E929.200,2017-06-28 05:21:00.027125,2017-06-28 05:21:21.360458,21.333333333333332,8388608,4096000
datasets/ColorSynth/GoMRI-17/2017_South/BUOY200/7178E92A.200,7178E92A.200,2017-06-28 05:21:21.358813,2017-06-28 05:21:42.692146,21.333333333333332,8388608,4096000
datasets/ColorSynth/GoMRI-17/2017_South/BUOY200/7178E92B.200,7178E92B.200,2017-06-28 05:21:42.690500,2017-06-28 05:22:04.023833,21.333333333333332,8388608,4096000
datasets/ColorSynth/GoMRI-17/2017_South/BUOY200/7178E92C.200,7178E92C.200,2017-06-28 05:22:04.022156,2017-06-28 05:22:25.355489,21.333333333333332,8388608,4096000
datasets/ColorSynth/GoMRI-17/2017_South/BUOY200/7178E92D.200,7178E92D.200,2017-06-28 05:22:25.353844,2017-06-28 05:22:46.687177,21.333333333333332,8388608,4096000
datasets/ColorSynth/GoMRI-17/2017_South/BUOY200/7178E92E.200,7178E92E.200,2017-06-28 05:22:46.685531,2017-06-28 05:23:08.018864,21.333333333333332,8388608,4096000
datasets/ColorSynth/GoMRI-17/2017_South/BUOY200/7178E92F.200,7178E92F.200,2017-06-28 05:23:08.017219,2017-06-28 05:23:29.350552,21.333333333333332,8388608,4096000
datasets/ColorSynth/GoMRI-17/2017_South/BUOY200/7178E930.200,7178E930.200,2017-06-28 05:23:29.348906,2017-06-28 05:23:50.682239,21.333333333333332,8388608,4096000
datasets/ColorSynth/GoMRI-17/2017_South/BUOY200/7178E931.200,7178E931.200,2017-06-28 05:23:50.680563,2017-06-28 05:24:12.013896,21.333333333333332,8388608,4096000
datasets/ColorSynth/GoMRI-17/2017_South/BUOY200/7178E932.200,7178E932.200,2017-06-28 05:24:12.012250,2017-06-28 05:24:33.345583,21.333333333333332,8388608,4096000
datasets/ColorSynth/GoMRI-17/2017_South/BUOY200/7178E933.200,7178E933.200,2017-06-28 05:24:33.343938,2017-06-28 05:24:54.677271,21.333333333333332,8388608,4096000
datasets/ColorSynth/GoMRI-17/2017_South/BUOY200/7178E934.200,7178E934.200,2017-06-28 05:24:54.675625,2017-06-28 05:25:16.008958,21.333333333333332,8388608,4096000
datasets/ColorSynth/GoMRI-17/2017_South/BUOY200/7178E935.200,7178E935.200,2017-06-28 05:25:16.007281,2017-06-28 05:25:37.340614,21.333333333333332,8388608,4096000
datasets/ColorSynth/GoMRI-17/2017_South/BUOY200/7178E936.200,7178E936.200,2017-06-28 05:25:37.338969,2017-06-28 05:25:58.672302,21.333333333333332,8388608,4096000
datasets/ColorSynth/GoMRI-17/2017_South/BUOY200/7178E937.200,7178E937.200,2017-06-28 05:25:58.670656,2017-06-28 05:26:20.003989,21.333333333333332,8388608,4096000
datasets/ColorSynth/GoMRI-17/2017_South/BUOY200/7178E938.200,7178E938.200,2017-06-28 05:26:20.002344,2017-06-28 05:26:41.335677,21.333333333333332,8388608,4096000
datasets/ColorSynth/GoMRI-17/2017_South/BUOY200/7178E939.200,7178E939.200,2017-06-28 05:26:41.334031,2017-06-28 05:27:02.667364,21.333333333333332,8388608,4096000
datasets/ColorSynth/GoMRI-17/2017_South/BUOY200/7178E93A.200,7178E93A.200,2017-06-28 05:27:02.665688,2017-06-28 05:27:23.999021,21.333333333333332,8388608,4096000
datasets/ColorSynth/GoMRI-17/2017_South/BUOY200/7178E93B.200,7178E93B.200,2017-06-28 05:27:23.997375,2017-06-28 05:27:45.330708,21.333333333333332,8388608,4096000
datasets/ColorSynth/GoMRI-17/2017_South/BUOY200/7178E93C.200,7178E93C.200,2017-06-28 05:27:45.329062,2017-06-28 05:28:06.662395,21.333333333333332,8388608,4096000
datasets/ColorSynth/GoMRI-17/2017_South/BUOY200/7178E93D.200,7178E93D.200,2017-06-28 05:28:06.660750,2017-06-28 05:28:27.994083,21.333333333333332,8388608,4096000
datasets/ColorSynth/GoMRI-17/2017_South/BUOY200/7178E93E.200,7178E93E.200,2017-06-28 05:28:27.992406,2017-06-28 05:28:49.325739,21.333333333333332,8388608,4096000
datasets/ColorSynth/GoMRI-17/2017_South/BUOY200/7178E93F.200,7178E93F.200,2017-06-28 05:28:49.324094,2017-06-28 05:29:10.657427,21.333333333333332,8388608,4096000
datasets/ColorSynth/GoMRI-17/2017_South/BUOY200/7178E940.200,7178E940.200,2017-06-28 05:29:10.655781,2017-06-28 05:29:31.989114,21.333333333333332,8388608,4096000
datasets/ColorSynth/GoMRI-17/2017_South/BUOY200/7178E941.200,7178E941.200,2017-06-28 05:29:31.987469,2017-06-28 05:29:53.320802,21.333333333333332,8388608,4096000
datasets/ColorSynth/GoMRI-17/2017_South/BUOY200/7178E942.200,7178E942.200,2017-06-28 05:29:53.319156,2017-06-28 05:30:14.652489,21.333333333333332,8388608,4096000
datasets/ColorSynth/GoMRI-17/2017_South/BUOY200/7178E943.200,7178E943.200,2017-06-28 05:30:14.650812,2017-06-28 05:30:35.984145,21.333333333333332,8388608,4096000
datasets/ColorSynth/GoMRI-17/2017_South/BUOY200/7178E944.200,7178E944.200,2017-06-28 05:30:35.982500,2017-06-28 05:30:57.315833,21.333333333333332,8388608,4096000
datasets/ColorSynth/GoMRI-17/2017_South/BUOY200/7178E945.200,7178E945.200,2017-06-28 05:30:57.314187,2017-06-28 05:31:18.647520,21.333333333333332,8388608,4096000
datasets/ColorSynth/GoMRI-17/2017_South/BUOY200/7178E946.200,7178E946.200,2017-06-28 05:31:18.645875,2017-06-28 05:31:39.979208,21.333333333333332,8388608,4096000
datasets/ColorSynth/GoMRI-17/2017_South/BUOY200/7178E947.200,7178E947.200,2017-06-28 05:31:39.977531,2017-06-28 05:32:01.310864,21.333333333333332,8388608,4096000
datasets/ColorSynth/GoMRI-17/2017_South/BUOY200/7178E948.200,7178E948.200,2017-06-28 05:32:01.309219,2017-06-28 05:32:22.642552,21.333333333333332,8388608,4096000
datasets/ColorSynth/GoMRI-17/2017_South/BUOY200/7178E949.200,7178E949.200,2017-06-28 05:32:22.640906,2017-06-28 05:32:43.974239,21.333333333333332,8388608,4096000
datasets/ColorSynth/GoMRI-17/2017_South/BUOY200/7178E94A.200,7178E94A.200,2017-06-28 05:32:43.972594,2017-06-28 05:33:05.305927,21.333333333333332,8388608,4096000
datasets/ColorSynth/GoMRI-17/2017_South/BUOY200/7178E94B.200,7178E94B.200,2017-06-28 05:33:05.304250,2017-06-28 05:33:26.637583,21.333333333333332,8388608,4096000
datasets/ColorSynth/GoMRI-17/2017_South/BUOY200/7178E94C.200,7178E94C.200,2017-06-28 05:33:26.635937,2017-06-28 05:33:47.969270,21.333333333333332,8388608,4096000
datasets/ColorSynth/GoMRI-17/2017_South/BUOY200/7178E94D.200,7178E94D.200,2017-06-28 05:33:47.967625,2017-06-28 05:34:09.300958,21.333333333333332,8388608,4096000
datasets/ColorSynth/GoMRI-17/2017_South/BUOY200/7178E94E.200,7178E94E.200,2017-06-28 05:34:09.299313,2017-06-28 05:34:30.632646,21.333333333333332,8388608,4096000
datasets/ColorSynth/GoMRI-17/2017_South/BUOY200/7178E94F.200,7178E94F.200,2017-06-28 05:34:30.631000,2017-06-28 05:34:51.964333,21.333333333333332,8388608,4096000
datasets/ColorSynth/GoMRI-17/2017_South/BUOY200/7178E950.200,7178E950.200,2017-06-28 05:34:51.962656,2017-06-28 05:35:13.295989,21.333333333333332,8388608,4096000
datasets/ColorSynth/GoMRI-17/2017_South/BUOY200/7178E951.200,7178E951.200,2017-06-28 05:35:13.294344,2017-06-28 05:35:34.627677,21.333333333333332,8388608,4096000
datasets/ColorSynth/GoMRI-17/2017_South/BUOY200/7178E952.200,7178E952.200,2017-06-28 05:35:34.626031,2017-06-28 05:35:55.959364,21.333333333333332,8388608,4096000
datasets/ColorSynth/GoMRI-17/2017_South/BUOY200/7178E953.200,7178E953.200,2017-06-28 05:35:55.957719,2017-06-28 05:36:17.291052,21.333333333333332,8388608,4096000
datasets/ColorSynth/GoMRI-17/2017_South/BUOY200/7178E954.200,7178E954.200,2017-06-28 05:36:17.289375,2017-06-28 05:36:38.622708,21.333333333333332,8388608,4096000
datasets/ColorSynth/GoMRI-17/2017_South/BUOY200/7178E955.200,7178E955.200,2017-06-28 05:36:38.621063,2017-06-28 05:36:59.954396,21.333333333333332,8388608,4096000
datasets/ColorSynth/GoMRI-17/2017_South/BUOY200/7178E956.200,7178E956.200,2017-06-28 05:36:59.952750,2017-06-28 05:37:21.286083,21.333333333333332,8388608,4096000
datasets/ColorSynth/GoMRI-17/2017_South/BUOY200/7178E957.200,7178E957.200,2017-06-28 05:37:21.284437,2017-06-28 05:37:42.617770,21.333333333333332,8388608,4096000
datasets/ColorSynth/GoMRI-17/2017_South/BUOY200/7178E958.200,7178E958.200,2017-06-28 05:37:42.616125,2017-06-28 05:38:03.949458,21.333333333333332,8388608,4096000
datasets/ColorSynth/GoMRI-17/2017_South/BUOY200/7178E959.200,7178E959.200,2017-06-28 05:38:03.947781,2017-06-28 05:38:25.281114,21.333333333333332,8388608,4096000
datasets/ColorSynth/GoMRI-17/2017_South/BUOY200/7178E95A.200,7178E95A.200,2017-06-28 05:38:25.279469,2017-06-28 05:38:46.612802,21.333333333333332,8388608,4096000
datasets/ColorSynth/GoMRI-17/2017_South/BUOY200/7178E95B.200,7178E95B.200,2017-06-28 05:38:46.611156,2017-06-28 05:39:07.944489,21.333333333333332,8388608,4096000
datasets/ColorSynth/GoMRI-17/2017_South/BUOY200/7178E95C.200,7178E95C.200,2017-06-28 05:39:07.942844,2017-06-28 05:39:29.276177,21.333333333333332,8388608,4096000
datasets/ColorSynth/GoMRI-17/2017_South/BUOY200/7178E95D.200,7178E95D.200,2017-06-28 05:39:29.274500,2017-06-28 05:39:50.607833,21.333333333333332,8388608,4096000
datasets/ColorSynth/GoMRI-17/2017_South/BUOY200/7178E95E.200,7178E95E.200,2017-06-28 05:39:50.606188,2017-06-28 05:40:11.939521,21.333333333333332,8388608,4096000
datasets/ColorSynth/GoMRI-17/2017_South/BUOY200/7178E95F.200,7178E95F.200,2017-06-28 05:40:11.937875,2017-06-28 05:40:33.271208,21.333333333333332,8388608,4096000
datasets/ColorSynth/GoMRI-17/2017_South/BUOY200/7178E960.200,7178E960.200,2017-06-28 05:40:33.269562,2017-06-28 05:40:54.602895,21.333333333333332,8388608,4096000
datasets/ColorSynth/GoMRI-17/2017_South/BUOY200/7178E961.200,7178E961.200,2017-06-28 05:40:54.601250,2017-06-28 05:41:15.934583,21.333333333333332,8388608,4096000
datasets/ColorSynth/GoMRI-17/2017_South/BUOY200/7178E962.200,7178E962.200,2017-06-28 05:41:15.932906,2017-06-28 05:41:37.266239,21.333333333333332,8388608,4096000
datasets/ColorSynth/GoMRI-17/2017_South/BUOY200/7178E963.200,7178E963.200,2017-06-28 05:41:37.264594,2017-06-28 05:41:58.597927,21.333333333333332,8388608,4096000
datasets/ColorSynth/GoMRI-17/2017_South/BUOY200/7178E964.200,7178E964.200,2017-06-28 05:41:58.596281,2017-06-28 05:42:19.929614,21.333333333333332,8388608,4096000
datasets/ColorSynth/GoMRI-17/2017_South/BUOY200/7178E965.200,7178E965.200,2017-06-28 05:42:19.927969,2017-06-28 05:42:41.261302,21.333333333333332,8388608,4096000
datasets/ColorSynth/GoMRI-17/2017_South/BUOY200/7178E966.200,7178E966.200,2017-06-28 05:42:41.259625,2017-06-28 05:43:02.592958,21.333333333333332,8388608,4096000
datasets/ColorSynth/GoMRI-17/2017_South/BUOY200/7178E967.200,7178E967.200,2017-06-28 05:43:02.591312,2017-06-28 05:43:23.924645,21.333333333333332,8388608,4096000
datasets/ColorSynth/GoMRI-17/2017_South/BUOY200/7178E968.200,7178E968.200,2017-06-28 05:43:23.923000,2017-06-28 05:43:45.256333,21.333333333333332,8388608,4096000
datasets/ColorSynth/GoMRI-17/2017_South/BUOY200/7178E969.200,7178E969.200,2017-06-28 05:43:45.254688,2017-06-28 05:44:06.588021,21.333333333333332,8388608,4096000
datasets/ColorSynth/GoMRI-17/2017_South/BUOY200/7178E96A.200,7178E96A.200,2017-06-28 05:44:06.586375,2017-06-28 05:44:27.919708,21.333333333333332,8388608,4096000
datasets/ColorSynth/GoMRI-17/2017_South/BUOY200/7178E96B.200,7178E96B.200,2017-06-28 05:44:27.918031,2017-06-28 05:44:49.251364,21.333333333333332,8388608,4096000
datasets/ColorSynth/GoMRI-17/2017_South/BUOY200/7178E96C.200,7178E96C.200,2017-06-28 05:44:49.249719,2017-06-28 05:45:10.583052,21.333333333333332,8388608,4096000
datasets/ColorSynth/GoMRI-17/2017_South/BUOY200/7178E96D.200,7178E96D.200,2017-06-28 05:45:10.581406,2017-06-28 05:45:31.914739,21.333333333333332,8388608,4096000
datasets/ColorSynth/GoMRI-17/2017_South/BUOY200/7178E96E.200,7178E96E.200,2017-06-28 05:45:31.913094,2017-06-28 05:45:53.246427,21.333333333333332,8388608,4096000
datasets/ColorSynth/GoMRI-17/2017_South/BUOY200/7178E96F.200,7178E96F.200,2017-06-28 05:45:53.244750,2017-06-28 05:46:14.578083,21.333333333333332,8388608,4096000
datasets/ColorSynth/GoMRI-17/2017_South/BUOY200/7178E970.200,7178E970.200,2017-06-28 05:46:14.576438,2017-06-28 05:46:35.909771,21.333333333333332,8388608,4096000
datasets/ColorSynth/GoMRI-17/2017_South/BUOY200/7178E971.200,7178E971.200,2017-06-28 05:46:35.908125,2017-06-28 05:46:57.241458,21.333333333333332,8388608,4096000
datasets/ColorSynth/GoMRI-17/2017_South/BUOY200/7178E972.200,7178E972.200,2017-06-28 05:46:57.239813,2017-06-28 05:47:18.573146,21.333333333333332,8388608,4096000
datasets/ColorSynth/GoMRI-17/2017_South/BUOY200/7178E973.200,7178E973.200,2017-06-28 05:47:18.571500,2017-06-28 05:47:39.904833,21.333333333333332,8388608,4096000
datasets/ColorSynth/GoMRI-17/2017_South/BUOY200/7178E974.200,7178E974.200,2017-06-28 05:47:39.903156,2017-06-28 05:48:01.236489,21.333333333333332,8388608,4096000
datasets/ColorSynth/GoMRI-17/2017_South/BUOY200/7178E975.200,7178E975.200,2017-06-28 05:48:01.234844,2017-06-28 05:48:22.568177,21.333333333333332,8388608,4096000
datasets/ColorSynth/GoMRI-17/2017_South/BUOY200/7178E976.200,7178E976.200,2017-06-28 05:48:22.566531,2017-06-28 05:48:43.899864,21.333333333333332,8388608,4096000
datasets/ColorSynth/GoMRI-17/2017_South/BUOY200/7178E977.200,7178E977.200,2017-06-28 05:48:43.898219,2017-06-28 05:49:05.231552,21.333333333333332,8388608,4096000
datasets/ColorSynth/GoMRI-17/2017_South/BUOY200/7178E978.200,7178E978.200,2017-06-28 05:49:05.229875,2017-06-28 05:49:26.563208,21.333333333333332,8388608,4096000
datasets/ColorSynth/GoMRI-17/2017_South/BUOY200/7178E979.200,7178E979.200,2017-06-28 05:49:26.561563,2017-06-28 05:49:47.894896,21.333333333333332,8388608,4096000
datasets/ColorSynth/GoMRI-17/2017_South/BUOY200/7178E97A.200,7178E97A.200,2017-06-28 05:49:47.893250,2017-06-28 05:50:09.226583,21.333333333333332,8388608,4096000
datasets/ColorSynth/GoMRI-17/2017_South/BUOY200/7178E97B.200,7178E97B.200,2017-06-28 05:50:09.224937,2017-06-28 05:50:30.558270,21.333333333333332,8388608,4096000
datasets/ColorSynth/GoMRI-17/2017_South/BUOY200/7178E97C.200,7178E97C.200,2017-06-28 05:50:30.556625,2017-06-28 05:50:51.889958,21.333333333333332,8388608,4096000
datasets/ColorSynth/GoMRI-17/2017_South/BUOY200/7178E97D.200,7178E97D.200,2017-06-28 05:50:51.888281,2017-06-28 05:51:13.221614,21.333333333333332,8388608,4096000
datasets/ColorSynth/GoMRI-17/2017_South/BUOY200/7178E97E.200,7178E97E.200,2017-06-28 05:51:13.219969,2017-06-28 05:51:34.553302,21.333333333333332,8388608,4096000
datasets/ColorSynth/GoMRI-17/2017_South/BUOY200/7178E97F.200,7178E97F.200,2017-06-28 05:51:34.551656,2017-06-28 05:51:55.884989,21.333333333333332,8388608,4096000
datasets/ColorSynth/GoMRI-17/2017_South/BUOY200/7178E980.200,7178E980.200,2017-06-28 05:51:55.883344,2017-06-28 05:52:17.216677,21.333333333333332,8388608,4096000
datasets/ColorSynth/GoMRI-17/2017_South/BUOY200/7178E981.200,7178E981.200,2017-06-28 05:52:17.215000,2017-06-28 05:52:38.548333,21.333333333333332,8388608,4096000
datasets/ColorSynth/GoMRI-17/2017_South/BUOY200/7178E982.200,7178E982.200,2017-06-28 05:52:38.546687,2017-06-28 05:52:59.880020,21.333333333333332,8388608,4096000
datasets/ColorSynth/GoMRI-17/2017_South/BUOY200/7178E983.200,7178E983.200,2017-06-28 05:52:59.878375,2017-06-28 05:53:21.211708,21.333333333333332,8388608,4096000
datasets/ColorSynth/GoMRI-17/2017_South/BUOY200/7178E984.200,7178E984.200,2017-06-28 05:53:21.210062,2017-06-28 05:53:42.543395,21.333333333333332,8388608,4096000
datasets/ColorSynth/GoMRI-17/2017_South/BUOY200/7178E985.200,7178E985.200,2017-06-28 05:53:42.541750,2017-06-28 05:54:03.875083,21.333333333333332,8388608,4096000
datasets/ColorSynth/GoMRI-17/2017_South/BUOY200/7178E986.200,7178E986.200,2017-06-28 05:54:03.873406,2017-06-28 05:54:25.206739,21.333333333333332,8388608,4096000
datasets/ColorSynth/GoMRI-17/2017_South/BUOY200/7178E987.200,7178E987.200,2017-06-28 05:54:25.205094,2017-06-28 05:54:46.538427,21.333333333333332,8388608,4096000
datasets/ColorSynth/GoMRI-17/2017_South/BUOY200/7178E988.200,7178E988.200,2017-06-28 05:54:46.536781,2017-06-28 05:55:07.870114,21.333333333333332,8388608,4096000
datasets/ColorSynth/GoMRI-17/2017_South/BUOY200/7178E989.200,7178E989.200,2017-06-28 05:55:07.868469,2017-06-28 05:55:29.201802,21.333333333333332,8388608,4096000
datasets/ColorSynth/GoMRI-17/2017_South/BUOY200/7178E98A.200,7178E98A.200,2017-06-28 05:55:29.200125,2017-06-28 05:55:50.533458,21.333333333333332,8388608,4096000
datasets/ColorSynth/GoMRI-17/2017_South/BUOY200/7178E98B.200,7178E98B.200,2017-06-28 05:55:50.531812,2017-06-28 05:56:11.865145,21.333333333333332,8388608,4096000
datasets/ColorSynth/GoMRI-17/2017_South/BUOY200/7178E98C.200,7178E98C.200,2017-06-28 05:56:11.863500,2017-06-28 05:56:33.196833,21.333333333333332,8388608,4096000
datasets/ColorSynth/GoMRI-17/2017_South/BUOY200/7178E98D.200,7178E98D.200,2017-06-28 05:56:33.195188,2017-06-28 05:56:54.528521,21.333333333333332,8388608,4096000
datasets/ColorSynth/GoMRI-17/2017_South/BUOY200/7178E98E.200,7178E98E.200,2017-06-28 05:56:54.526875,2017-06-28 05:57:15.860208,21.333333333333332,8388608,4096000
datasets/ColorSynth/GoMRI-17/2017_South/BUOY200/7178E98F.200,7178E98F.200,2017-06-28 05:57:15.858531,2017-06-28 05:57:37.191864,21.333333333333332,8388608,4096000
datasets/ColorSynth/GoMRI-17/2017_South/BUOY200/7178E990.200,7178E990.200,2017-06-28 05:57:37.190219,2017-06-28 05:57:58.523552,21.333333333333332,8388608,4096000
datasets/ColorSynth/GoMRI-17/2017_South/BUOY200/7178E991.200,7178E991.200,2017-06-28 05:57:58.521906,2017-06-28 05:58:19.855239,21.333333333333332,8388608,4096000
datasets/ColorSynth/GoMRI-17/2017_South/BUOY200/7178E992.200,7178E992.200,2017-06-28 05:58:19.853594,2017-06-28 05:58:41.186927,21.333333333333332,8388608,4096000
datasets/ColorSynth/GoMRI-17/2017_South/BUOY200/7178E993.200,7178E993.200,2017-06-28 05:58:41.185250,2017-06-28 05:59:02.518583,21.333333333333332,8388608,4096000
datasets/ColorSynth/GoMRI-17/2017_South/BUOY200/7178E994.200,7178E994.200,2017-06-28 05:59:02.516938,2017-06-28 05:59:23.850271,21.333333333333332,8388608,4096000
datasets/ColorSynth/GoMRI-17/2017_South/BUOY200/7178E995.200,7178E995.200,2017-06-28 05:59:23.848625,2017-06-28 05:59:45.181958,21.333333333333332,8388608,4096000
datasets/ColorSynth/GoMRI-17/2017_South/BUOY200/7178E996.200,7178E996.200,2017-06-28 05:59:45.180312,2017-06-28 06:00:06.513645,21.333333333333332,8388608,4096000
datasets/ColorSynth/GoMRI-17/2017_South/BUOY200/7178E997.200,7178E997.200,2017-06-28 06:00:06.512000,2017-06-28 06:00:27.845333,21.333333333333332,8388608,4096000
datasets/ColorSynth/GoMRI-17/2017_South/BUOY200/7178E998.200,7178E998.200,2017-06-28 06:00:27.843656,2017-06-28 06:00:49.176989,21.333333333333332,8388608,4096000
datasets/ColorSynth/GoMRI-17/2017_South/BUOY200/7178E999.200,7178E999.200,2017-06-28 06:00:49.175344,2017-06-28 06:01:10.508677,21.333333333333332,8388608,4096000
datasets/ColorSynth/GoMRI-17/2017_South/BUOY200/7178E99A.200,7178E99A.200,2017-06-28 06:01:10.507031,2017-06-28 06:01:31.840364,21.333333333333332,8388608,4096000
datasets/ColorSynth/GoMRI-17/2017_South/BUOY200/7178E99B.200,7178E99B.200,2017-06-28 06:01:31.838719,2017-06-28 06:01:53.172052,21.333333333333332,8388608,4096000
datasets/ColorSynth/GoMRI-17/2017_South/BUOY200/7178E99C.200,7178E99C.200,2017-06-28 06:01:53.170375,2017-06-28 06:02:14.503708,21.333333333333332,8388608,4096000
datasets/ColorSynth/GoMRI-17/2017_South/BUOY200/7178E99D.200,7178E99D.200,2017-06-28 06:02:14.502062,2017-06-28 06:02:35.835395,21.333333333333332,8388608,4096000
datasets/ColorSynth/GoMRI-17/2017_South/BUOY200/7178E99E.200,7178E99E.200,2017-06-28 06:02:35.833750,2017-06-28 06:02:57.167083,21.333333333333332,8388608,4096000
datasets/ColorSynth/GoMRI-17/2017_South/BUOY200/7178E99F.200,7178E99F.200,2017-06-28 06:02:57.165437,2017-06-28 06:03:18.498770,21.333333333333332,8388608,4096000
datasets/ColorSynth/GoMRI-17/2017_South/BUOY200/7178E9A0.200,7178E9A0.200,2017-06-28 06:03:18.497125,2017-06-28 06:03:39.830458,21.333333333333332,8388608,4096000
datasets/ColorSynth/GoMRI-17/2017_South/BUOY200/7178E9A1.200,7178E9A1.200,2017-06-28 06:03:39.828781,2017-06-28 06:04:01.162114,21.333333333333332,8388608,4096000
datasets/ColorSynth/GoMRI-17/2017_South/BUOY200/7178E9A2.200,7178E9A2.200,2017-06-28 06:04:01.160469,2017-06-28 06:04:22.493802,21.333333333333332,8388608,4096000
datasets/ColorSynth/GoMRI-17/2017_South/BUOY200/7178E9A3.200,7178E9A3.200,2017-06-28 06:04:22.492156,2017-06-28 06:04:43.825489,21.333333333333332,8388608,4096000
datasets/ColorSynth/GoMRI-17/2017_South/BUOY200/7178E9A4.200,7178E9A4.200,2017-06-28 06:04:43.823844,2017-06-28 06:05:05.157177,21.333333333333332,8388608,4096000
datasets/ColorSynth/GoMRI-17/2017_South/BUOY200/7178E9A5.200,7178E9A5.200,2017-06-28 06:05:05.155500,2017-06-28 06:05:26.488833,21.333333333333332,8388608,4096000
datasets/ColorSynth/GoMRI-17/2017_South/BUOY200/7178E9A6.200,7178E9A6.200,2017-06-28 06:05:26.487187,2017-06-28 06:05:47.820520,21.333333333333332,8388608,4096000
datasets/ColorSynth/GoMRI-17/2017_South/BUOY200/7178E9A7.200,7178E9A7.200,2017-06-28 06:05:47.818875,2017-06-28 06:06:09.152208,21.333333333333332,8388608,4096000
datasets/ColorSynth/GoMRI-17/2017_South/BUOY200/7178E9A8.200,7178E9A8.200,2017-06-28 06:06:09.150563,2017-06-28 06:06:30.483896,21.333333333333332,8388608,4096000
datasets/ColorSynth/GoMRI-17/2017_South/BUOY200/7178E9A9.200,7178E9A9.200,2017-06-28 06:06:30.482250,2017-06-28 06:06:51.815583,21.333333333333332,8388608,4096000
datasets/ColorSynth/GoMRI-17/2017_South/BUOY200/7178E9AA.200,7178E9AA.200,2017-06-28 06:06:51.813906,2017-06-28 06:07:13.147239,21.333333333333332,8388608,4096000
datasets/ColorSynth/GoMRI-17/2017_South/BUOY200/7178E9AB.200,7178E9AB.200,2017-06-28 06:07:13.145594,2017-06-28 06:07:34.478927,21.333333333333332,8388608,4096000
datasets/ColorSynth/GoMRI-17/2017_South/BUOY200/7178E9AC.200,7178E9AC.200,2017-06-28 06:07:34.477281,2017-06-28 06:07:55.810614,21.333333333333332,8388608,4096000
datasets/ColorSynth/GoMRI-17/2017_South/BUOY200/7178E9AD.200,7178E9AD.200,2017-06-28 06:07:55.808969,2017-06-28 06:08:17.142302,21.333333333333332,8388608,4096000
datasets/ColorSynth/GoMRI-17/2017_South/BUOY200/7178E9AE.200,7178E9AE.200,2017-06-28 06:08:17.140625,2017-06-28 06:08:38.473958,21.333333333333332,8388608,4096000
datasets/ColorSynth/GoMRI-17/2017_South/BUOY200/7178E9AF.200,7178E9AF.200,2017-06-28 06:08:38.472313,2017-06-28 06:08:59.805646,21.333333333333332,8388608,4096000
datasets/ColorSynth/GoMRI-17/2017_South/BUOY200/7178E9B0.200,7178E9B0.200,2017-06-28 06:08:59.804000,2017-06-28 06:09:21.137333,21.333333333333332,8388608,4096000
datasets/ColorSynth/GoMRI-17/2017_South/BUOY200/7178E9B1.200,7178E9B1.200,2017-06-28 06:09:21.135688,2017-06-28 06:09:42.469021,21.333333333333332,8388608,4096000
datasets/ColorSynth/GoMRI-17/2017_South/BUOY200/7178E9B2.200,7178E9B2.200,2017-06-28 06:09:42.467375,2017-06-28 06:10:03.800708,21.333333333333332,8388608,4096000
datasets/ColorSynth/GoMRI-17/2017_South/BUOY200/7178E9B3.200,7178E9B3.200,2017-06-28 06:10:03.799031,2017-06-28 06:10:25.132364,21.333333333333332,8388608,4096000
datasets/ColorSynth/GoMRI-17/2017_South/BUOY200/7178E9B4.200,7178E9B4.200,2017-06-28 06:10:25.130719,2017-06-28 06:10:46.464052,21.333333333333332,8388608,4096000
datasets/ColorSynth/GoMRI-17/2017_South/BUOY200/7178E9B5.200,7178E9B5.200,2017-06-28 06:10:46.462406,2017-06-28 06:11:07.795739,21.333333333333332,8388608,4096000
datasets/ColorSynth/GoMRI-17/2017_South/BUOY200/7178E9B6.200,7178E9B6.200,2017-06-28 06:11:07.794094,2017-06-28 06:11:29.127427,21.333333333333332,8388608,4096000
datasets/ColorSynth/GoMRI-17/2017_South/BUOY200/7178E9B7.200,7178E9B7.200,2017-06-28 06:11:29.125750,2017-06-28 06:11:50.459083,21.333333333333332,8388608,4096000
datasets/ColorSynth/GoMRI-17/2017_South/BUOY200/7178E9B8.200,7178E9B8.200,2017-06-28 06:11:50.457438,2017-06-28 06:12:11.790771,21.333333333333332,8388608,4096000
datasets/ColorSynth/GoMRI-17/2017_South/BUOY200/7178E9B9.200,7178E9B9.200,2017-06-28 06:12:11.789125,2017-06-28 06:12:33.122458,21.333333333333332,8388608,4096000
datasets/ColorSynth/GoMRI-17/2017_South/BUOY200/7178E9BA.200,7178E9BA.200,2017-06-28 06:12:33.120812,2017-06-28 06:12:54.454145,21.333333333333332,8388608,4096000
datasets/ColorSynth/GoMRI-17/2017_South/BUOY200/7178E9BB.200,7178E9BB.200,2017-06-28 06:12:54.452500,2017-06-28 06:13:15.785833,21.333333333333332,8388608,4096000
datasets/ColorSynth/GoMRI-17/2017_South/BUOY200/7178E9BC.200,7178E9BC.200,2017-06-28 06:13:15.784156,2017-06-28 06:13:37.117489,21.333333333333332,8388608,4096000
datasets/ColorSynth/GoMRI-17/2017_South/BUOY200/7178E9BD.200,7178E9BD.200,2017-06-28 06:13:37.115844,2017-06-28 06:13:58.449177,21.333333333333332,8388608,4096000
datasets/ColorSynth/GoMRI-17/2017_South/BUOY200/7178E9BE.200,7178E9BE.200,2017-06-28 06:13:58.447531,2017-06-28 06:14:19.780864,21.333333333333332,8388608,4096000
datasets/ColorSynth/GoMRI-17/2017_South/BUOY200/7178E9BF.200,7178E9BF.200,2017-06-28 06:14:19.779219,2017-06-28 06:14:41.112552,21.333333333333332,8388608,4096000
datasets/ColorSynth/GoMRI-17/2017_South/BUOY200/7178E9C0.200,7178E9C0.200,2017-06-28 06:14:41.110875,2017-06-28 06:15:02.444208,21.333333333333332,8388608,4096000
datasets/ColorSynth/GoMRI-17/2017_South/BUOY200/7178E9C1.200,7178E9C1.200,2017-06-28 06:15:02.442562,2017-06-28 06:15:23.775895,21.333333333333332,8388608,4096000
datasets/ColorSynth/GoMRI-17/2017_South/BUOY200/7178E9C2.200,7178E9C2.200,2017-06-28 06:15:23.774250,2017-06-28 06:15:45.107583,21.333333333333332,8388608,4096000
datasets/ColorSynth/GoMRI-17/2017_South/BUOY200/7178E9C3.200,7178E9C3.200,2017-06-28 06:15:45.105938,2017-06-28 06:16:06.439271,21.333333333333332,8388608,4096000
datasets/ColorSynth/GoMRI-17/2017_South/Buoy150/7178E7D0.150,7178E7D0.150,2017-06-28 03:11:03.148406,2017-06-28 03:11:24.481739,21.333333333333332,8388608,4096000
datasets/ColorSynth/GoMRI-17/2017_South/Buoy150/7178E7D1.150,7178E7D1.150,2017-06-28 03:11:24.480000,2017-06-28 03:11:45.813333,21.333333333333332,8388608,4096000
datasets/ColorSynth/GoMRI-17/2017_South/Buoy150/7178E7D2.150,7178E7D2.150,2017-06-28 03:11:45.811563,2017-06-28 03:12:07.144896,21.333333333333332,8388608,4096000
datasets/ColorSynth/GoMRI-17/2017_South/Buoy150/7178E7D3.150,7178E7D3.150,2017-06-28 03:12:07.143125,2017-06-28 03:12:28.476458,21.333333333333332,8388608,4096000
datasets/ColorSynth/GoMRI-17/2017_South/Buoy150/7178E7D4.150,7178E7D4.150,2017-06-28 03:12:28.474688,2017-06-28 03:12:49.808021,21.333333333333332,8388608,4096000
datasets/ColorSynth/GoMRI-17/2017_South/Buoy150/7178E7D5.150,7178E7D5.150,2017-06-28 03:12:49.806250,2017-06-28 03:13:11.139583,21.333333333333332,8388608,4096000
datasets/ColorSynth/GoMRI-17/2017_South/Buoy150/7178E7D6.150,7178E7D6.150,2017-06-28 03:13:11.137813,2017-06-28 03:13:32.471146,21.333333333333332,8388608,4096000
datasets/ColorSynth/GoMRI-17/2017_South/Buoy150/7178E7D7.150,7178E7D7.150,2017-06-28 03:13:32.469375,2017-06-28 03:13:53.802708,21.333333333333332,8388608,4096000
datasets/ColorSynth/GoMRI-17/2017_South/Buoy150/7178E7D8.150,7178E7D8.150,2017-06-28 03:13:53.800969,2017-06-28 03:14:15.134302,21.333333333333332,8388608,4096000
datasets/ColorSynth/GoMRI-17/2017_South/Buoy150/7178E7D9.150,7178E7D9.150,2017-06-28 03:14:15.132531,2017-06-28 03:14:36.465864,21.333333333333332,8388608,4096000
datasets/ColorSynth/GoMRI-17/2017_South/Buoy150/7178E7DA.150,7178E7DA.150,2017-06-28 03:14:36.464094,2017-06-28 03:14:57.797427,21.333333333333332,8388608,4096000
datasets/ColorSynth/GoMRI-17/2017_South/Buoy150/7178E7DB.150,7178E7DB.150,2017-06-28 03:14:57.795656,2017-06-28 03:15:19.128989,21.333333333333332,8388608,4096000
datasets/ColorSynth/GoMRI-17/2017_South/Buoy150/7178E7DC.150,7178E7DC.150,2017-06-28 03:15:19.127219,2017-06-28 03:15:40.460552,21.333333333333332,8388608,4096000
datasets/ColorSynth/GoMRI-17/2017_South/Buoy150/7178E7DD.150,7178E7DD.150,2017-06-28 03:15:40.458781,2017-06-28 03:16:01.792114,21.333333333333332,8388608,4096000
datasets/ColorSynth/GoMRI-17/2017_South/Buoy150/7178E7DE.150,7178E7DE.150,2017-06-28 03:16:01.790375,2017-06-28 03:16:23.123708,21.333333333333332,8388608,4096000
datasets/ColorSynth/GoMRI-17/2017_South/Buoy150/7178E7DF.150,7178E7DF.150,2017-06-28 03:16:23.121937,2017-06-28 03:16:44.455270,21.333333333333332,8388608,4096000
datasets/ColorSynth/GoMRI-17/2017_South/Buoy150/7178E7E0.150,7178E7E0.150,2017-06-28 03:16:44.453500,2017-06-28 03:17:05.786833,21.333333333333332,8388608,4096000
datasets/ColorSynth/GoMRI-17/2017_South/Buoy150/7178E7E1.150,7178E7E1.150,2017-06-28 03:17:05.785062,2017-06-28 03:17:27.118395,21.333333333333332,8388608,4096000
datasets/ColorSynth/GoMRI-17/2017_South/Buoy150/7178E7E2.150,7178E7E2.150,2017-06-28 03:17:27.116625,2017-06-28 03:17:48.449958,21.333333333333332,8388608,4096000
datasets/ColorSynth/GoMRI-17/2017_South/Buoy150/7178E7E3.150,7178E7E3.150,2017-06-28 03:17:48.448188,2017-06-28 03:18:09.781521,21.333333333333332,8388608,4096000
datasets/ColorSynth/GoMRI-17/2017_South/Buoy150/7178E7E4.150,7178E7E4.150,2017-06-28 03:18:09.779750,2017-06-28 03:18:31.113083,21.333333333333332,8388608,4096000
datasets/ColorSynth/GoMRI-17/2017_South/Buoy150/7178E7E5.150,7178E7E5.150,2017-06-28 03:18:31.111344,2017-06-28 03:18:52.444677,21.333333333333332,8388608,4096000
datasets/ColorSynth/GoMRI-17/2017_South/Buoy150/7178E7E6.150,7178E7E6.150,2017-06-28 03:18:52.442906,2017-06-28 03:19:13.776239,21.333333333333332,8388608,4096000
datasets/ColorSynth/GoMRI-17/2017_South/Buoy150/7178E7E7.150,7178E7E7.150,2017-06-28 03:19:13.774469,2017-06-28 03:19:35.107802,21.333333333333332,8388608,4096000
datasets/ColorSynth/GoMRI-17/2017_South/Buoy150/7178E7E8.150,7178E7E8.150,2017-06-28 03:19:35.106031,2017-06-28 03:19:56.439364,21.333333333333332,8388608,4096000
datasets/ColorSynth/GoMRI-17/2017_South/Buoy150/7178E7E9.150,7178E7E9.150,2017-06-28 03:19:56.437594,2017-06-28 03:20:17.770927,21.333333333333332,8388608,4096000
datasets/ColorSynth/GoMRI-17/2017_South/Buoy150/7178E7EA.150,7178E7EA.150,2017-06-28 03:20:17.769156,2017-06-28 03:20:39.102489,21.333333333333332,8388608,4096000
datasets/ColorSynth/GoMRI-17/2017_South/Buoy150/7178E7EB.150,7178E7EB.150,2017-06-28 03:20:39.100719,2017-06-28 03:21:00.434052,21.333333333333332,8388608,4096000
datasets/ColorSynth/GoMRI-17/2017_South/Buoy150/7178E7EC.150,7178E7EC.150,2017-06-28 03:21:00.432313,2017-06-28 03:21:21.765646,21.333333333333332,8388608,4096000
datasets/ColorSynth/GoMRI-17/2017_South/Buoy150/7178E7ED.150,7178E7ED.150,2017-06-28 03:21:21.763875,2017-06-28 03:21:43.097208,21.333333333333332,8388608,4096000
datasets/ColorSynth/GoMRI-17/2017_South/Buoy150/7178E7EE.150,7178E7EE.150,2017-06-28 03:21:43.095437,2017-06-28 03:22:04.428770,21.333333333333332,8388608,4096000
datasets/ColorSynth/GoMRI-17/2017_South/Buoy150/7178E7EF.150,7178E7EF.150,2017-06-28 03:22:04.427000,2017-06-28 03:22:25.760333,21.333333333333332,8388608,4096000
datasets/ColorSynth/GoMRI-17/2017_South/Buoy150/7178E7F0.150,7178E7F0.150,2017-06-28 03:22:25.758562,2017-06-28 03:22:47.091895,21.333333333333332,8388608,4096000
datasets/ColorSynth/GoMRI-17/2017_South/Buoy150/7178E7F1.150,7178E7F1.150,2017-06-28 03:22:47.090125,2017-06-28 03:23:08.423458,21.333333333333332,8388608,4096000
datasets/ColorSynth/GoMRI-17/2017_South/Buoy150/7178E7F2.150,7178E7F2.150,2017-06-28 03:23:08.421719,2017-06-28 03:23:29.755052,21.333333333333332,8388608,4096000
datasets/ColorSynth/GoMRI-17/2017_South/Buoy150/7178E7F3.150,7178E7F3.150,2017-06-28 03:23:29.753281,2017-06-28 03:23:51.086614,21.333333333333332,8388608,4096000
datasets/ColorSynth/GoMRI-17/2017_South/Buoy150/7178E7F4.150,7178E7F4.150,2017-06-28 03:23:51.084844,2017-06-28 03:24:12.418177,21.333333333333332,8388608,4096000
datasets/ColorSynth/GoMRI-17/2017_South/Buoy150/7178E7F5.150,7178E7F5.150,2017-06-28 03:24:12.416406,2017-06-28 03:24:33.749739,21.333333333333332,8388608,4096000
datasets/ColorSynth/GoMRI-17/2017_South/Buoy150/7178E7F6.150,7178E7F6.150,2017-06-28 03:24:33.747969,2017-06-28 03:24:55.081302,21.333333333333332,8388608,4096000
datasets/ColorSynth/GoMRI-17/2017_South/Buoy150/7178E7F7.150,7178E7F7.150,2017-06-28 03:24:55.079531,2017-06-28 03:25:16.412864,21.333333333333332,8388608,4096000
datasets/ColorSynth/GoMRI-17/2017_South/Buoy150/7178E7F8.150,7178E7F8.150,2017-06-28 03:25:16.411094,2017-06-28 03:25:37.744427,21.333333333333332,8388608,4096000
datasets/ColorSynth/GoMRI-17/2017_South/Buoy150/7178E7F9.150,7178E7F9.150,2017-06-28 03:25:37.742688,2017-06-28 03:25:59.076021,21.333333333333332,8388608,4096000
datasets/ColorSynth/GoMRI-17/2017_South/Buoy150/7178E7FA.150,7178E7FA.150,2017-06-28 03:25:59.074250,2017-06-28 03:26:20.407583,21.333333333333332,8388608,4096000
datasets/ColorSynth/GoMRI-17/2017_South/Buoy150/7178E7FB.150,7178E7FB.150,2017-06-28 03:26:20.405813,2017-06-28 03:26:41.739146,21.333333333333332,8388608,4096000
datasets/ColorSynth/GoMRI-17/2017_South/Buoy150/7178E7FC.150,7178E7FC.150,2017-06-28 03:26:41.737375,2017-06-28 03:27:03.070708,21.333333333333332,8388608,4096000
datasets/ColorSynth/GoMRI-17/2017_South/Buoy150/7178E7FD.150,7178E7FD.150,2017-06-28 03:27:03.068938,2017-06-28 03:27:24.402271,21.333333333333332,8388608,4096000
datasets/ColorSynth/GoMRI-17/2017_South/Buoy150/7178E7FE.150,7178E7FE.150,2017-06-28 03:27:24.400500,2017-06-28 03:27:45.733833,21.333333333333332,8388608,4096000
datasets/ColorSynth/GoMRI-17/2017_South/Buoy150/7178E7FF.150,7178E7FF.150,2017-06-28 03:27:45.732063,2017-06-28 03:28:07.065396,21.333333333333332,8388608,4096000
datasets/ColorSynth/GoMRI-17/2017_South/Buoy150/7178E800.150,7178E800.150,2017-06-28 03:28:07.063656,2017-06-28 03:28:28.396989,21.333333333333332,8388608,4096000
datasets/ColorSynth/GoMRI-17/2017_South/Buoy150/7178E801.150,7178E801.150,2017-06-28 03:28:28.395219,2017-06-28 03:28:49.728552,21.333333333333332,8388608,4096000
datasets/ColorSynth/GoMRI-17/2017_South/Buoy150/7178E802.150,7178E802.150,2017-06-28 03:28:49.726781,2017-06-28 03:29:11.060114,21.333333333333332,8388608,4096000
datasets/ColorSynth/GoMRI-17/2017_South/Buoy150/7178E803.150,7178E803.150,2017-06-28 03:29:11.058344,2017-06-28 03:29:32.391677,21.333333333333332,8388608,4096000
datasets/ColorSynth/GoMRI-17/2017_South/Buoy150/7178E804.150,7178E804.150,2017-06-28 03:29:32.389906,2017-06-28 03:29:53.723239,21.333333333333332,8388608,4096000
datasets/ColorSynth/GoMRI-17/2017_South/Buoy150/7178E805.150,7178E805.150,2017-06-28 03:29:53.721469,2017-06-28 03:30:15.054802,21.333333333333332,8388608,4096000
datasets/ColorSynth/GoMRI-17/2017_South/Buoy150/7178E806.150,7178E806.150,2017-06-28 03:30:15.053062,2017-06-28 03:30:36.386395,21.333333333333332,8388608,4096000
datasets/ColorSynth/GoMRI-17/2017_South/Buoy150/7178E807.150,7178E807.150,2017-06-28 03:30:36.384625,2017-06-28 03:30:57.717958,21.333333333333332,8388608,4096000
datasets/ColorSynth/GoMRI-17/2017_South/Buoy150/7178E808.150,7178E808.150,2017-06-28 03:30:57.716187,2017-06-28 03:31:19.049520,21.333333333333332,8388608,4096000
datasets/ColorSynth/GoMRI-17/2017_South/Buoy150/7178E809.150,7178E809.150,2017-06-28 03:31:19.047750,2017-06-28 03:31:40.381083,21.333333333333332,8388608,4096000
datasets/ColorSynth/GoMRI-17/2017_South/Buoy150/7178E80A.150,7178E80A.150,2017-06-28 03:31:40.379313,2017-06-28 03:32:01.712646,21.333333333333332,8388608,4096000
datasets/ColorSynth/GoMRI-17/2017_South/Buoy150/7178E80B.150,7178E80B.150,2017-06-28 03:32:01.710875,2017-06-28 03:32:23.044208,21.333333333333332,8388608,4096000
datasets/ColorSynth/GoMRI-17/2017_South/Buoy150/7178E80C.150,7178E80C.150,2017-06-28 03:32:23.042438,2017-06-28 03:32:44.375771,21.333333333333332,8388608,4096000
datasets/ColorSynth/GoMRI-17/2017_South/Buoy150/7178E80D.150,7178E80D.150,2017-06-28 03:32:44.374031,2017-06-28 03:33:05.707364,21.333333333333332,8388608,4096000
datasets/ColorSynth/GoMRI-17/2017_South/Buoy150/7178E80E.150,7178E80E.150,2017-06-28 03:33:05.705594,2017-06-28 03:33:27.038927,21.333333333333332,8388608,4096000
datasets/ColorSynth/GoMRI-17/2017_South/Buoy150/7178E80F.150,7178E80F.150,2017-06-28 03:33:27.037156,2017-06-28 03:33:48.370489,21.333333333333332,8388608,4096000
datasets/ColorSynth/GoMRI-17/2017_South/Buoy150/7178E810.150,7178E810.150,2017-06-28 03:33:48.368719,2017-06-28 03:34:09.702052,21.333333333333332,8388608,4096000
datasets/ColorSynth/GoMRI-17/2017_South/Buoy150/7178E811.150,7178E811.150,2017-06-28 03:34:09.700281,2017-06-28 03:34:31.033614,21.333333333333332,8388608,4096000
datasets/ColorSynth/GoMRI-17/2017_South/Buoy150/7178E812.150,7178E812.150,2017-06-28 03:34:31.031844,2017-06-28 03:34:52.365177,21.333333333333332,8388608,4096000
datasets/ColorSynth/GoMRI-17/2017_South/Buoy150/7178E813.150,7178E813.150,2017-06-28 03:34:52.363406,2017-06-28 03:35:13.696739,21.333333333333332,8388608,4096000
datasets/ColorSynth/GoMRI-17/2017_South/Buoy150/7178E814.150,7178E814.150,2017-06-28 03:35:13.695000,2017-06-28 03:35:35.028333,21.333333333333332,8388608,4096000
datasets/ColorSynth/GoMRI-17/2017_South/Buoy150/7178E815.150,7178E815.150,2017-06-28 03:35:35.026562,2017-06-28 03:35:56.359895,21.333333333333332,8388608,4096000
datasets/ColorSynth/GoMRI-17/2017_South/Buoy150/7178E816.150,7178E816.150,2017-06-28 03:35:56.358125,2017-06-28 03:36:17.691458,21.333333333333332,8388608,4096000
datasets/ColorSynth/GoMRI-17/2017_South/Buoy150/7178E817.150,7178E817.150,2017-06-28 03:36:17.689687,2017-06-28 03:36:39.023020,21.333333333333332,8388608,4096000
datasets/ColorSynth/GoMRI-17/2017_South/Buoy150/7178E818.150,7178E818.150,2017-06-28 03:36:39.021250,2017-06-28 03:37:00.354583,21.333333333333332,8388608,4096000
datasets/ColorSynth/GoMRI-17/2017_South/Buoy150/7178E819.150,7178E819.150,2017-06-28 03:37:00.352812,2017-06-28 03:37:21.686145,21.333333333333332,8388608,4096000
datasets/ColorSynth/GoMRI-17/2017_South/Buoy150/7178E81A.150,7178E81A.150,2017-06-28 03:37:21.684375,2017-06-28 03:37:43.017708,21.333333333333332,8388608,4096000
datasets/ColorSynth/GoMRI-17/2017_South/Buoy150/7178E81B.150,7178E81B.150,2017-06-28 03:37:43.015969,2017-06-28 03:38:04.349302,21.333333333333332,8388608,4096000
datasets/ColorSynth/GoMRI-17/2017_South/Buoy150/7178E81C.150,7178E81C.150,2017-06-28 03:38:04.347531,2017-06-28 03:38:25.680864,21.333333333333332,8388608,4096000
datasets/ColorSynth/GoMRI-17/2017_South/Buoy150/7178E81D.150,7178E81D.150,2017-06-28 03:38:25.679094,2017-06-28 03:38:47.012427,21.333333333333332,8388608,4096000
datasets/ColorSynth/GoMRI-17/2017_South/Buoy150/7178E81E.150,7178E81E.150,2017-06-28 03:38:47.010656,2017-06-28 03:39:08.343989,21.333333333333332,8388608,4096000
datasets/ColorSynth/GoMRI-17/2017_South/Buoy150/7178E81F.150,7178E81F.150,2017-06-28 03:39:08.342219,2017-06-28 03:39:29.675552,21.333333333333332,8388608,4096000
datasets/ColorSynth/GoMRI-17/2017_South/Buoy150/7178E820.150,7178E820.150,2017-06-28 03:39:29.673781,2017-06-28 03:39:51.007114,21.333333333333332,8388608,4096000
datasets/ColorSynth/GoMRI-17/2017_South/Buoy150/7178E821.150,7178E821.150,2017-06-28 03:39:51.005375,2017-06-28 03:40:12.338708,21.333333333333332,8388608,4096000
datasets/ColorSynth/GoMRI-17/2017_South/Buoy150/7178E822.150,7178E822.150,2017-06-28 03:40:12.336938,2017-06-28 03:40:33.670271,21.333333333333332,8388608,4096000
datasets/ColorSynth/GoMRI-17/2017_South/Buoy150/7178E823.150,7178E823.150,2017-06-28 03:40:33.668500,2017-06-28 03:40:55.001833,21.333333333333332,8388608,4096000
datasets/ColorSynth/GoMRI-17/2017_South/Buoy150/7178E824.150,7178E824.150,2017-06-28 03:40:55.000063,2017-06-28 03:41:16.333396,21.333333333333332,8388608,4096000
datasets/ColorSynth/GoMRI-17/2017_South/Buoy150/7178E825.150,7178E825.150,2017-06-28 03:41:16.331625,2017-06-28 03:41:37.664958,21.333333333333332,8388608,4096000
datasets/ColorSynth/GoMRI-17/2017_South/Buoy150/7178E826.150,7178E826.150,2017-06-28 03:41:37.663187,2017-06-28 03:41:58.996520,21.333333333333332,8388608,4096000
datasets/ColorSynth/GoMRI-17/2017_South/Buoy150/7178E827.150,7178E827.150,2017-06-28 03:41:58.994750,2017-06-28 03:42:20.328083,21.333333333333332,8388608,4096000
datasets/ColorSynth/GoMRI-17/2017_South/Buoy150/7178E828.150,7178E828.150,2017-06-28 03:42:20.326344,2017-06-28 03:42:41.659677,21.333333333333332,8388608,4096000
datasets/ColorSynth/GoMRI-17/2017_South/Buoy150/7178E829.150,7178E829.150,2017-06-28 03:42:41.657906,2017-06-28 03:43:02.991239,21.333333333333332,8388608,4096000
datasets/ColorSynth/GoMRI-17/2017_South/Buoy150/7178E82A.150,7178E82A.150,2017-06-28 03:43:02.989469,2017-06-28 03:43:24.322802,21.333333333333332,8388608,4096000
datasets/ColorSynth/GoMRI-17/2017_South/Buoy150/7178E82B.150,7178E82B.150,2017-06-28 03:43:24.321031,2017-06-28 03:43:45.654364,21.333333333333332,8388608,4096000
datasets/ColorSynth/GoMRI-17/2017_South/Buoy150/7178E82C.150,7178E82C.150,2017-06-28 03:43:45.652594,2017-06-28 03:44:06.985927,21.333333333333332,8388608,4096000
datasets/ColorSynth/GoMRI-17/2017_South/Buoy150/7178E82D.150,7178E82D.150,2017-06-28 03:44:06.984156,2017-06-28 03:44:28.317489,21.333333333333332,8388608,4096000
datasets/ColorSynth/GoMRI-17/2017_South/Buoy150/7178E82E.150,7178E82E.150,2017-06-28 03:44:28.315719,2017-06-28 03:44:49.649052,21.333333333333332,8388608,4096000
datasets/ColorSynth/GoMRI-17/2017_South/Buoy150/7178E82F.150,7178E82F.150,2017-06-28 03:44:49.647312,2017-06-28 03:45:10.980645,21.333333333333332,8388608,4096000
datasets/ColorSynth/GoMRI-17/2017_South/Buoy150/7178E830.150,7178E830.150,2017-06-28 03:45:10.978875,2017-06-28 03:45:32.312208,21.333333333333332,8388608,4096000
datasets/ColorSynth/GoMRI-17/2017_South/Buoy150/7178E831.150,7178E831.150,2017-06-28 03:45:32.310438,2017-06-28 03:45:53.643771,21.333333333333332,8388608,4096000
datasets/ColorSynth/GoMRI-17/2017_South/Buoy150/7178E832.150,7178E832.150,2017-06-28 03:45:53.642000,2017-06-28 03:46:14.975333,21.333333333333332,8388608,4096000
datasets/ColorSynth/GoMRI-17/2017_South/Buoy150/7178E833.150,7178E833.150,2017-06-28 03:46:14.973563,2017-06-28 03:46:36.306896,21.333333333333332,8388608,4096000
datasets/ColorSynth/GoMRI-17/2017_South/Buoy150/7178E834.150,7178E834.150,2017-06-28 03:46:36.305125,2017-06-28 03:46:57.638458,21.333333333333332,8388608,4096000
datasets/ColorSynth/GoMRI-17/2017_South/Buoy150/7178E835.150,7178E835.150,2017-06-28 03:46:57.636719,2017-06-28 03:47:18.970052,21.333333333333332,8388608,4096000
datasets/ColorSynth/GoMRI-17/2017_South/Buoy150/7178E836.150,7178E836.150,2017-06-28 03:47:18.968281,2017-06-28 03:47:40.301614,21.333333333333332,8388608,4096000
datasets/ColorSynth/GoMRI-17/2017_South/Buoy150/7178E837.150,7178E837.150,2017-06-28 03:47:40.299844,2017-06-28 03:48:01.633177,21.333333333333332,8388608,4096000
datasets/ColorSynth/GoMRI-17/2017_South/Buoy150/7178E838.150,7178E838.150,2017-06-28 03:48:01.631406,2017-06-28 03:48:22.964739,21.333333333333332,8388608,4096000
datasets/ColorSynth/GoMRI-17/2017_South/Buoy150/7178E839.150,7178E839.150,2017-06-28 03:48:22.962969,2017-06-28 03:48:44.296302,21.333333333333332,8388608,4096000
datasets/ColorSynth/GoMRI-17/2017_South/Buoy150/7178E83A.150,7178E83A.150,2017-06-28 03:48:44.294531,2017-06-28 03:49:05.627864,21.333333333333332,8388608,4096000
datasets/ColorSynth/GoMRI-17/2017_South/Buoy150/7178E83B.150,7178E83B.150,2017-06-28 03:49:05.626094,2017-06-28 03:49:26.959427,21.333333333333332,8388608,4096000
datasets/ColorSynth/GoMRI-17/2017_South/Buoy150/7178E83C.150,7178E83C.150,2017-06-28 03:49:26.957687,2017-06-28 03:49:48.291020,21.333333333333332,8388608,4096000
datasets/ColorSynth/GoMRI-17/2017_South/Buoy150/7178E83D.150,7178E83D.150,2017-06-28 03:49:48.289250,2017-06-28 03:50:09.622583,21.333333333333332,8388608,4096000
datasets/ColorSynth/GoMRI-17/2017_South/Buoy150/7178E83E.150,7178E83E.150,2017-06-28 03:50:09.620812,2017-06-28 03:50:30.954145,21.333333333333332,8388608,4096000
datasets/ColorSynth/GoMRI-17/2017_South/Buoy150/7178E83F.150,7178E83F.150,2017-06-28 03:50:30.952375,2017-06-28 03:50:52.285708,21.333333333333332,8388608,4096000
datasets/ColorSynth/GoMRI-17/2017_South/Buoy150/7178E840.150,7178E840.150,2017-06-28 03:50:52.283937,2017-06-28 03:51:13.617270,21.333333333333332,8388608,4096000
datasets/ColorSynth/GoMRI-17/2017_South/Buoy150/7178E841.150,7178E841.150,2017-06-28 03:51:13.615500,2017-06-28 03:51:34.948833,21.333333333333332,8388608,4096000
datasets/ColorSynth/GoMRI-17/2017_South/Buoy150/7178E842.150,7178E842.150,2017-06-28 03:51:34.947062,2017-06-28 03:51:56.280395,21.333333333333332,8388608,4096000
datasets/ColorSynth/GoMRI-17/2017_South/Buoy150/7178E843.150,7178E843.150,2017-06-28 03:51:56.278656,2017-06-28 03:52:17.611989,21.333333333333332,8388608,4096000
datasets/ColorSynth/GoMRI-17/2017_South/Buoy150/7178E844.150,7178E844.150,2017-06-28 03:52:17.610219,2017-06-28 03:52:38.943552,21.333333333333332,8388608,4096000
datasets/ColorSynth/GoMRI-17/2017_South/Buoy150/7178E845.150,7178E845.150,2017-06-28 03:52:38.941781,2017-06-28 03:53:00.275114,21.333333333333332,8388608,4096000
datasets/ColorSynth/GoMRI-17/2017_South/Buoy150/7178E846.150,7178E846.150,2017-06-28 03:53:00.273344,2017-06-28 03:53:21.606677,21.333333333333332,8388608,4096000
datasets/ColorSynth/GoMRI-17/2017_South/Buoy150/7178E847.150,7178E847.150,2017-06-28 03:53:21.604906,2017-06-28 03:53:42.938239,21.333333333333332,8388608,4096000
datasets/ColorSynth/GoMRI-17/2017_South/Buoy150/7178E848.150,7178E848.150,2017-06-28 03:53:42.936469,2017-06-28 03:54:04.269802,21.333333333333332,8388608,4096000
datasets/ColorSynth/GoMRI-17/2017_South/Buoy150/7178E849.150,7178E849.150,2017-06-28 03:54:04.268063,2017-06-28 03:54:25.601396,21.333333333333332,8388608,4096000
datasets/ColorSynth/GoMRI-17/2017_South/Buoy150/7178E84A.150,7178E84A.150,2017-06-28 03:54:25.599625,2017-06-28 03:54:46.932958,21.333333333333332,8388608,4096000
datasets/ColorSynth/GoMRI-17/2017_South/Buoy150/7178E84B.150,7178E84B.150,2017-06-28 03:54:46.931188,2017-06-28 03:55:08.264521,21.333333333333332,8388608,4096000
datasets/ColorSynth/GoMRI-17/2017_South/Buoy150/7178E84C.150,7178E84C.150,2017-06-28 03:55:08.262750,2017-06-28 03:55:29.596083,21.333333333333332,8388608,4096000
datasets/ColorSynth/GoMRI-17/2017_South/Buoy150/7178E84D.150,7178E84D.150,2017-06-28 03:55:29.594312,2017-06-28 03:55:50.927645,21.333333333333332,8388608,4096000
datasets/ColorSynth/GoMRI-17/2017_South/Buoy150/7178E84E.150,7178E84E.150,2017-06-28 03:55:50.925875,2017-06-28 03:56:12.259208,21.333333333333332,8388608,4096000
datasets/ColorSynth/GoMRI-17/2017_South/Buoy150/7178E84F.150,7178E84F.150,2017-06-28 03:56:12.257437,2017-06-28 03:56:33.590770,21.333333333333332,8388608,4096000
datasets/ColorSynth/GoMRI-17/2017_South/Buoy150/7178E850.150,7178E850.150,2017-06-28 03:56:33.589031,2017-06-28 03:56:54.922364,21.333333333333332,8388608,4096000
datasets/ColorSynth/GoMRI-17/2017_South/Buoy150/7178E851.150,7178E851.150,2017-06-28 03:56:54.920594,2017-06-28 03:57:16.253927,21.333333333333332,8388608,4096000
datasets/ColorSynth/GoMRI-17/2017_South/Buoy150/7178E852.150,7178E852.150,2017-06-28 03:57:16.252156,2017-06-28 03:57:37.585489,21.333333333333332,8388608,4096000
datasets/ColorSynth/GoMRI-17/2017_South/Buoy150/7178E853.150,7178E853.150,2017-06-28 03:57:37.583719,2017-06-28 03:57:58.917052,21.333333333333332,8388608,4096000
datasets/ColorSynth/GoMRI-17/2017_South/Buoy150/7178E854.150,7178E854.150,2017-06-28 03:57:58.915281,2017-06-28 03:58:20.248614,21.333333333333332,8388608,4096000
datasets/ColorSynth/GoMRI-17/2017_South/Buoy150/7178E855.150,7178E855.150,2017-06-28 03:58:20.246844,2017-06-28 03:58:41.580177,21.333333333333332,8388608,4096000
datasets/ColorSynth/GoMRI-17/2017_South/Buoy150/7178E856.150,7178E856.150,2017-06-28 03:58:41.578406,2017-06-28 03:59:02.911739,21.333333333333332,8388608,4096000
datasets/ColorSynth/GoMRI-17/2017_South/Buoy150/7178E857.150,7178E857.150,2017-06-28 03:59:02.910000,2017-06-28 03:59:24.243333,21.333333333333332,8388608,4096000
datasets/ColorSynth/GoMRI-17/2017_South/Buoy150/7178E858.150,7178E858.150,2017-06-28 03:59:24.241563,2017-06-28 03:59:45.574896,21.333333333333332,8388608,4096000
datasets/ColorSynth/GoMRI-17/2017_South/Buoy150/7178E859.150,7178E859.150,2017-06-28 03:59:45.573125,2017-06-28 04:00:06.906458,21.333333333333332,8388608,4096000
datasets/ColorSynth/GoMRI-17/2017_South/Buoy150/7178E85A.150,7178E85A.150,2017-06-28 04:00:06.904688,2017-06-28 04:00:28.238021,21.333333333333332,8388608,4096000
datasets/ColorSynth/GoMRI-17/2017_South/Buoy150/7178E85B.150,7178E85B.150,2017-06-28 04:00:28.236250,2017-06-28 04:00:49.569583,21.333333333333332,8388608,4096000
datasets/ColorSynth/GoMRI-17/2017_South/Buoy150/7178E85C.150,7178E85C.150,2017-06-28 04:00:49.567813,2017-06-28 04:01:10.901146,21.333333333333332,8388608,4096000
datasets/ColorSynth/GoMRI-17/2017_South/Buoy150/7178E85D.150,7178E85D.150,2017-06-28 04:01:10.899406,2017-06-28 04:01:32.232739,21.333333333333332,8388608,4096000
datasets/ColorSynth/GoMRI-17/2017_South/Buoy150/7178E85E.150,7178E85E.150,2017-06-28 04:01:32.230969,2017-06-28 04:01:53.564302,21.333333333333332,8388608,4096000
datasets/ColorSynth/GoMRI-17/2017_South/Buoy150/7178E85F.150,7178E85F.150,2017-06-28 04:01:53.562531,2017-06-28 04:02:14.895864,21.333333333333332,8388608,4096000
datasets/ColorSynth/GoMRI-17/2017_South/Buoy150/7178E860.150,7178E860.150,2017-06-28 04:02:14.894094,2017-06-28 04:02:36.227427,21.333333333333332,8388608,4096000
datasets/ColorSynth/GoMRI-17/2017_South/Buoy150/7178E861.150,7178E861.150,2017-06-28 04:02:36.225656,2017-06-28 04:02:57.558989,21.333333333333332,8388608,4096000
datasets/ColorSynth/GoMRI-17/2017_South/Buoy150/7178E862.150,7178E862.150,2017-06-28 04:02:57.557219,2017-06-28 04:03:18.890552,21.333333333333332,8388608,4096000
datasets/ColorSynth/GoMRI-17/2017_South/Buoy150/7178E863.150,7178E863.150,2017-06-28 04:03:18.888781,2017-06-28 04:03:40.222114,21.333333333333332,8388608,4096000
datasets/ColorSynth/GoMRI-17/2017_South/Buoy150/7178E864.150,7178E864.150,2017-06-28 04:03:40.220375,2017-06-28 04:04:01.553708,21.333333333333332,8388608,4096000
datasets/ColorSynth/GoMRI-17/2017_South/Buoy150/7178E865.150,7178E865.150,2017-06-28 04:04:01.551937,2017-06-28 04:04:22.885270,21.333333333333332,8388608,4096000
datasets/ColorSynth/GoMRI-17/2017_South/Buoy150/7178E866.150,7178E866.150,2017-06-28 04:04:22.883500,2017-06-28 04:04:44.216833,21.333333333333332,8388608,4096000
datasets/ColorSynth/GoMRI-17/2017_South/Buoy150/7178E867.150,7178E867.150,2017-06-28 04:04:44.215062,2017-06-28 04:05:05.548395,21.333333333333332,8388608,4096000
datasets/ColorSynth/GoMRI-17/2017_South/Buoy150/7178E868.150,7178E868.150,2017-06-28 04:05:05.546625,2017-06-28 04:05:26.879958,21.333333333333332,8388608,4096000
datasets/ColorSynth/GoMRI-17/2017_South/Buoy150/7178E869.150,7178E869.150,2017-06-28 04:05:26.878187,2017-06-28 04:05:48.211520,21.333333333333332,8388608,4096000
datasets/ColorSynth/GoMRI-17/2017_South/Buoy150/7178E86A.150,7178E86A.150,2017-06-28 04:05:48.209750,2017-06-28 04:06:09.543083,21.333333333333332,8388608,4096000
datasets/ColorSynth/GoMRI-17/2017_South/Buoy150/7178E86B.150,7178E86B.150,2017-06-28 04:06:09.541344,2017-06-28 04:06:30.874677,21.333333333333332,8388608,4096000
datasets/ColorSynth/GoMRI-17/2017_South/Buoy150/7178E86C.150,7178E86C.150,2017-06-28 04:06:30.872906,2017-06-28 04:06:52.206239,21.333333333333332,8388608,4096000
datasets/ColorSynth/GoMRI-17/2017_South/Buoy150/7178E86D.150,7178E86D.150,2017-06-28 04:06:52.204469,2017-06-28 04:07:13.537802,21.333333333333332,8388608,4096000
datasets/ColorSynth/GoMRI-17/2017_South/Buoy150/7178E86E.150,7178E86E.150,2017-06-28 04:07:13.536031,2017-06-28 04:07:34.869364,21.333333333333332,8388608,4096000
datasets/ColorSynth/GoMRI-17/2017_South/Buoy150/7178E86F.150,7178E86F.150,2017-06-28 04:07:34.867594,2017-06-28 04:07:56.200927,21.333333333333332,8388608,4096000
datasets/ColorSynth/GoMRI-17/2017_South/Buoy150/7178E870.150,7178E870.150,2017-06-28 04:07:56.199156,2017-06-28 04:08:17.532489,21.333333333333332,8388608,4096000
datasets/ColorSynth/GoMRI-17/2017_South/Buoy150/7178E871.150,7178E871.150,2017-06-28 04:08:17.530750,2017-06-28 04:08:38.864083,21.333333333333332,8388608,4096000
datasets/ColorSynth/GoMRI-17/2017_South/Buoy150/7178E872.150,7178E872.150,2017-06-28 04:08:38.862313,2017-06-28 04:09:00.195646,21.333333333333332,8388608,4096000
datasets/ColorSynth/GoMRI-17/2017_South/Buoy150/7178E873.150,7178E873.150,2017-06-28 04:09:00.193875,2017-06-28 04:09:21.527208,21.333333333333332,8388608,4096000
datasets/ColorSynth/GoMRI-17/2017_South/Buoy150/7178E874.150,7178E874.150,2017-06-28 04:09:21.525437,2017-06-28 04:09:42.858770,21.333333333333332,8388608,4096000
datasets/ColorSynth/GoMRI-17/2017_South/Buoy150/7178E875.150,7178E875.150,2017-06-28 04:09:42.857000,2017-06-28 04:10:04.190333,21.333333333333332,8388608,4096000
datasets/ColorSynth/GoMRI-17/2017_South/Buoy150/7178E876.150,7178E876.150,2017-06-28 04:10:04.188562,2017-06-28 04:10:25.521895,21.333333333333332,8388608,4096000
datasets/ColorSynth/GoMRI-17/2017_South/Buoy150/7178E877.150,7178E877.150,2017-06-28 04:10:25.520125,2017-06-28 04:10:46.853458,21.333333333333332,8388608,4096000
datasets/ColorSynth/GoMRI-17/2017_South/Buoy150/7178E878.150,7178E878.150,2017-06-28 04:10:46.851719,2017-06-28 04:11:08.185052,21.333333333333332,8388608,4096000
datasets/ColorSynth/GoMRI-17/2017_South/Buoy150/7178E879.150,7178E879.150,2017-06-28 04:11:08.183281,2017-06-28 04:11:29.516614,21.333333333333332,8388608,4096000
datasets/ColorSynth/GoMRI-17/2017_South/Buoy150/7178E87A.150,7178E87A.150,2017-06-28 04:11:29.514844,2017-06-28 04:11:50.848177,21.333333333333332,8388608,4096000
datasets/ColorSynth/GoMRI-17/2017_South/Buoy150/7178E87B.150,7178E87B.150,2017-06-28 04:11:50.846406,2017-06-28 04:12:12.179739,21.333333333333332,8388608,4096000
datasets/ColorSynth/GoMRI-17/2017_South/Buoy150/7178E87C.150,7178E87C.150,2017-06-28 04:12:12.177969,2017-06-28 04:12:33.511302,21.333333333333332,8388608,4096000
datasets/ColorSynth/GoMRI-17/2017_South/Buoy150/7178E87D.150,7178E87D.150,2017-06-28 04:12:33.509531,2017-06-28 04:12:54.842864,21.333333333333332,8388608,4096000
datasets/ColorSynth/GoMRI-17/2017_South/Buoy150/7178E87E.150,7178E87E.150,2017-06-28 04:12:54.841125,2017-06-28 04:13:16.174458,21.333333333333332,8388608,4096000
datasets/ColorSynth/GoMRI-17/2017_South/Buoy150/7178E87F.150,7178E87F.150,2017-06-28 04:13:16.172688,2017-06-28 04:13:37.506021,21.333333333333332,8388608,4096000
datasets/ColorSynth/GoMRI-17/2017_South/Buoy150/7178E880.150,7178E880.150,2017-06-28 04:13:37.504250,2017-06-28 04:13:58.837583,21.333333333333332,8388608,4096000
datasets/ColorSynth/GoMRI-17/2017_South/Buoy150/7178E881.150,7178E881.150,2017-06-28 04:13:58.835813,2017-06-28 04:14:20.169146,21.333333333333332,8388608,4096000
datasets/ColorSynth/GoMRI-17/2017_South/Buoy150/7178E882.150,7178E882.150,2017-06-28 04:14:20.167375,2017-06-28 04:14:41.500708,21.333333333333332,8388608,4096000
datasets/ColorSynth/GoMRI-17/2017_South/Buoy150/7178E883.150,7178E883.150,2017-06-28 04:14:41.498938,2017-06-28 04:15:02.832271,21.333333333333332,8388608,4096000
datasets/ColorSynth/GoMRI-17/2017_South/Buoy150/7178E884.150,7178E884.150,2017-06-28 04:15:02.830500,2017-06-28 04:15:24.163833,21.333333333333332,8388608,4096000
datasets/ColorSynth/GoMRI-17/2017_South/Buoy150/7178E885.150,7178E885.150,2017-06-28 04:15:24.162094,2017-06-28 04:15:45.495427,21.333333333333332,8388608,4096000
datasets/ColorSynth/GoMRI-17/2017_South/Buoy150/7178E886.150,7178E886.150,2017-06-28 04:15:45.493656,2017-06-28 04:16:06.826989,21.333333333333332,8388608,4096000
datasets/ColorSynth/GoMRI-17/2017_South/Buoy150/7178E887.150,7178E887.150,2017-06-28 04:16:06.825219,2017-06-28 04:16:28.158552,21.333333333333332,8388608,4096000
datasets/ColorSynth/GoMRI-17/2017_South/Buoy150/7178E888.150,7178E888.150,2017-06-28 04:16:28.156781,2017-06-28 04:16:49.490114,21.333333333333332,8388608,4096000
datasets/ColorSynth/GoMRI-17/2017_South/Buoy150/7178E889.150,7178E889.150,2017-06-28 04:16:49.488344,2017-06-28 04:17:10.821677,21.333333333333332,8388608,4096000
datasets/ColorSynth/GoMRI-17/2017_South/Buoy150/7178E88A.150,7178E88A.150,2017-06-28 04:17:10.819906,2017-06-28 04:17:32.153239,21.333333333333332,8388608,4096000
datasets/ColorSynth/GoMRI-17/2017_South/Buoy150/7178E88B.150,7178E88B.150,2017-06-28 04:17:32.151469,2017-06-28 04:17:53.484802,21.333333333333332,8388608,4096000
datasets/ColorSynth/GoMRI-17/2017_South/Buoy150/7178E88C.150,7178E88C.150,2017-06-28 04:17:53.483062,2017-06-28 04:18:14.816395,21.333333333333332,8388608,4096000
datasets/ColorSynth/GoMRI-17/2017_South/Buoy150/7178E88D.150,7178E88D.150,2017-06-28 04:18:14.814625,2017-06-28 04:18:36.147958,21.333333333333332,8388608,4096000
datasets/ColorSynth/GoMRI-17/2017_South/Buoy150/7178E88E.150,7178E88E.150,2017-06-28 04:18:36.146187,2017-06-28 04:18:57.479520,21.333333333333332,8388608,4096000
datasets/ColorSynth/GoMRI-17/2017_South/Buoy150/7178E88F.150,7178E88F.150,2017-06-28 04:18:57.477750,2017-06-28 04:19:18.811083,21.333333333333332,8388608,4096000
datasets/ColorSynth/GoMRI-17/2017_South/Buoy150/7178E890.150,7178E890.150,2017-06-28 04:19:18.809313,2017-06-28 04:19:40.142646,21.333333333333332,8388608,4096000
datasets/ColorSynth/GoMRI-17/2017_South/Buoy150/7178E891.150,7178E891.150,2017-06-28 04:19:40.140875,2017-06-28 04:20:01.474208,21.333333333333332,8388608,4096000
datasets/ColorSynth/GoMRI-17/2017_South/Buoy150/7178E892.150,7178E892.150,2017-06-28 04:20:01.472469,2017-06-28 04:20:22.805802,21.333333333333332,8388608,4096000
datasets/ColorSynth/GoMRI-17/2017_South/Buoy150/7178E893.150,7178E893.150,2017-06-28 04:20:22.804031,2017-06-28 04:20:44.137364,21.333333333333332,8388608,4096000
datasets/ColorSynth/GoMRI-17/2017_South/Buoy150/7178E894.150,7178E894.150,2017-06-28 04:20:44.135594,2017-06-28 04:21:05.468927,21.333333333333332,8388608,4096000
datasets/ColorSynth/GoMRI-17/2017_South/Buoy150/7178E895.150,7178E895.150,2017-06-28 04:21:05.467156,2017-06-28 04:21:26.800489,21.333333333333332,8388608,4096000
datasets/ColorSynth/GoMRI-17/2017_South/Buoy150/7178E896.150,7178E896.150,2017-06-28 04:21:26.798719,2017-06-28 04:21:48.132052,21.333333333333332,8388608,4096000
datasets/ColorSynth/GoMRI-17/2017_South/Buoy150/7178E897.150,7178E897.150,2017-06-28 04:21:48.130281,2017-06-28 04:22:09.463614,21.333333333333332,8388608,4096000
datasets/ColorSynth/GoMRI-17/2017_West/Buoy140/71610000.140,71610000.140,2017-06-11 07:56:25.603094,2017-06-11 07:56:46.936427,21.333333333333332,8388608,4096000
datasets/ColorSynth/GoMRI-17/2017_West/Buoy140/71610001.140,71610001.140,2017-06-11 07:56:46.934750,2017-06-11 07:57:08.268083,21.333333333333332,8388608,4096000
datasets/ColorSynth/GoMRI-17/2017_West/Buoy140/71610002.140,71610002.140,2017-06-11 07:57:08.266406,2017-06-11 07:57:29.599739,21.333333333333332,8388608,4096000
datasets/ColorSynth/GoMRI-17/2017_West/Buoy140/71610003.140,71610003.140,2017-06-11 07:57:29.598094,2017-06-11 07:57:50.931427,21.333333333333332,8388608,4096000
datasets/ColorSynth/GoMRI-17/2017_West/Buoy140/71610004.140,71610004.140,2017-06-11 07:57:50.929750,2017-06-11 07:58:12.263083,21.333333333333332,8388608,4096000
datasets/ColorSynth/GoMRI-17/2017_West/Buoy140/71610005.140,71610005.140,2017-06-11 07:58:12.261437,2017-06-11 07:58:33.594770,21.333333333333332,8388608,4096000
datasets/ColorSynth/GoMRI-17/2017_West/Buoy140/71610006.140,71610006.140,2017-06-11 07:58:33.593125,2017-06-11 07:58:54.926458,21.333333333333332,8388608,4096000
datasets/ColorSynth/GoMRI-17/2017_West/Buoy140/71610007.140,71610007.140,2017-06-11 07:58:54.924781,2017-06-11 07:59:16.258114,21.333333333333332,8388608,4096000
datasets/ColorSynth/GoMRI-17/2017_West/Buoy140/71610008.140,71610008.140,2017-06-11 07:59:16.256469,2017-06-11 07:59:37.589802,21.333333333333332,8388608,4096000
datasets/ColorSynth/GoMRI-17/2017_West/Buoy140/71610009.140,71610009.140,2017-06-11 07:59:37.588156,2017-06-11 07:59:58.921489,21.333333333333332,8388608,4096000
datasets/ColorSynth/GoMRI-17/2017_West/Buoy140/7161000A.140,7161000A.140,2017-06-11 07:59:58.919813,2017-06-11 08:00:20.253146,21.333333333333332,8388608,4096000
datasets/ColorSynth/GoMRI-17/2017_West/Buoy140/7161000B.140,7161000B.140,2017-06-11 08:00:20.251500,2017-06-11 08:00:41.584833,21.333333333333332,8388608,4096000
datasets/ColorSynth/GoMRI-17/2017_West/Buoy140/7161000C.140,7161000C.140,2017-06-11 08:00:41.583187,2017-06-11 08:01:02.916520,21.333333333333332,8388608,4096000
datasets/ColorSynth/GoMRI-17/2017_West/Buoy140/7161000D.140,7161000D.140,2017-06-11 08:01:02.914875,2017-06-11 08:01:24.248208,21.333333333333332,8388608,4096000
datasets/ColorSynth/GoMRI-17/2017_West/Buoy140/7161000E.140,7161000E.140,2017-06-11 08:01:24.246531,2017-06-11 08:01:45.579864,21.333333333333332,8388608,4096000
datasets/ColorSynth/GoMRI-17/2017_West/Buoy140/7161000F.140,7161000F.140,2017-06-11 08:01:45.578219,2017-06-11 08:02:06.911552,21.333333333333332,8388608,4096000
datasets/ColorSynth/GoMRI-17/2017_West/Buoy140/71610010.140,71610010.140,2017-06-11 08:02:06.909906,2017-06-11 08:02:28.243239,21.333333333333332,8388608,4096000
datasets/ColorSynth/GoMRI-17/2017_West/Buoy140/71610011.140,71610011.140,2017-06-11 08:02:28.241563,2017-06-11 08:02:49.574896,21.333333333333332,8388608,4096000
datasets/ColorSynth/GoMRI-17/2017_West/Buoy140/71610012.140,71610012.140,2017-06-11 08:02:49.573250,2017-06-11 08:03:10.906583,21.333333333333332,8388608,4096000
datasets/ColorSynth/GoMRI-17/2017_West/Buoy140/71610013.140,71610013.140,2017-06-11 08:03:10.904937,2017-06-11 08:03:32.238270,21.333333333333332,8388608,4096000
datasets/ColorSynth/GoMRI-17/2017_West/Buoy140/71610014.140,71610014.140,2017-06-11 08:03:32.236594,2017-06-11 08:03:53.569927,21.333333333333332,8388608,4096000
datasets/ColorSynth/GoMRI-17/2017_West/Buoy140/71610015.140,71610015.140,2017-06-11 08:03:53.568281,2017-06-11 08:04:14.901614,21.333333333333332,8388608,4096000
datasets/ColorSynth/GoMRI-17/2017_West/Buoy140/71610016.140,71610016.140,2017-06-11 08:04:14.899969,2017-06-11 08:04:36.233302,21.333333333333332,8388608,4096000
datasets/ColorSynth/GoMRI-17/2017_West/Buoy140/71610017.140,71610017.140,2017-06-11 08:04:36.231656,2017-06-11 08:04:57.564989,21.333333333333332,8388608,4096000
datasets/ColorSynth/GoMRI-17/2017_West/Buoy140/71610018.140,71610018.140,2017-06-11 08:04:57.563313,2017-06-11 08:05:18.896646,21.333333333333332,8388608,4096000
datasets/ColorSynth/GoMRI-17/2017_West/Buoy140/71610019.140,71610019.140,2017-06-11 08:05:18.895000,2017-06-11 08:05:40.228333,21.333333333333332,8388608,4096000
datasets/ColorSynth/GoMRI-17/2017_West/Buoy140/7161001A.140,7161001A.140,2017-06-11 08:05:40.226687,2017-06-11 08:06:01.560020,21.333333333333332,8388608,4096000
datasets/ColorSynth/GoMRI-17/2017_West/Buoy140/7161001B.140,7161001B.140,2017-06-11 08:06:01.558344,2017-06-11 08:06:22.891677,21.333333333333332,8388608,4096000
datasets/ColorSynth/GoMRI-17/2017_West/Buoy140/7161001C.140,7161001C.140,2017-06-11 08:06:22.890031,2017-06-11 08:06:44.223364,21.333333333333332,8388608,4096000
datasets/ColorSynth/GoMRI-17/2017_West/Buoy140/7161001D.140,7161001D.140,2017-06-11 08:06:44.221719,2017-06-11 08:07:05.555052,21.333333333333332,8388608,4096000
datasets/ColorSynth/GoMRI-17/2017_West/Buoy140/7161001E.140,7161001E.140,2017-06-11 08:07:05.553406,2017-06-11 08:07:26.886739,21.333333333333332,8388608,4096000
datasets/ColorSynth/GoMRI-17/2017_West/Buoy140/7161001F.140,7161001F.140,2017-06-11 08:07:26.885063,2017-06-11 08:07:48.218396,21.333333333333332,8388608,4096000
datasets/ColorSynth/GoMRI-17/2017_West/Buoy140/71610020.140,71610020.140,2017-06-11 08:07:48.216750,2017-06-11 08:08:09.550083,21.333333333333332,8388608,4096000
datasets/ColorSynth/GoMRI-17/2017_West/Buoy140/71610021.140,71610021.140,2017-06-11 08:08:09.548437,2017-06-11 08:08:30.881770,21.333333333333332,8388608,4096000
datasets/ColorSynth/GoMRI-17/2017_West/Buoy140/71610022.140,71610022.140,2017-06-11 08:08:30.880125,2017-06-11 08:08:52.213458,21.333333333333332,8388608,4096000
datasets/ColorSynth/GoMRI-17/2017_West/Buoy140/71610023.140,71610023.140,2017-06-11 08:08:52.211781,2017-06-11 08:09:13.545114,21.333333333333332,8388608,4096000
datasets/ColorSynth/GoMRI-17/2017_West/Buoy140/71610024.140,71610024.140,2017-06-11 08:09:13.543469,2017-06-11 08:09:34.876802,21.333333333333332,8388608,4096000
datasets/ColorSynth/GoMRI-17/2017_West/Buoy140/71610025.140,71610025.140,2017-06-11 08:09:34.875156,2017-06-11 08:09:56.208489,21.333333333333332,8388608,4096000
datasets/ColorSynth/GoMRI-17/2017_West/Buoy140/71610026.140,71610026.140,2017-06-11 08:09:56.206813,2017-06-11 08:10:17.540146,21.333333333333332,8388608,4096000
datasets/ColorSynth/GoMRI-17/2017_West/Buoy140/71610027.140,71610027.140,2017-06-11 08:10:17.538500,2017-06-11 08:10:38.871833,21.333333333333332,8388608,4096000
datasets/ColorSynth/GoMRI-17/2017_West/Buoy140/71610028.140,71610028.140,2017-06-11 08:10:38.870187,2017-06-11 08:11:00.203520,21.333333333333332,8388608,4096000
datasets/ColorSynth/GoMRI-17/2017_West/Buoy140/71610029.140,71610029.140,2017-06-11 08:11:00.201875,2017-06-11 08:11:21.535208,21.333333333333332,8388608,4096000
datasets/ColorSynth/GoMRI-17/2017_West/Buoy140/7161002A.140,7161002A.140,2017-06-11 08:11:21.533531,2017-06-11 08:11:42.866864,21.333333333333332,8388608,4096000
datasets/ColorSynth/GoMRI-17/2017_West/Buoy140/7161002B.140,7161002B.140,2017-06-11 08:11:42.865219,2017-06-11 08:12:04.198552,21.333333333333332,8388608,4096000
datasets/ColorSynth/GoMRI-17/2017_West/Buoy140/7161002C.140,7161002C.140,2017-06-11 08:12:04.196906,2017-06-11 08:12:25.530239,21.333333333333332,8388608,4096000
datasets/ColorSynth/GoMRI-17/2017_West/Buoy140/7161002D.140,7161002D.140,2017-06-11 08:12:25.528563,2017-06-11 08:12:46.861896,21.333333333333332,8388608,4096000
datasets/ColorSynth/GoMRI-17/2017_West/Buoy140/7161002E.140,7161002E.140,2017-06-11 08:12:46.860250,2017-06-11 08:13:08.193583,21.333333333333332,8388608,4096000
datasets/ColorSynth/GoMRI-17/2017_West/Buoy140/7161002F.140,7161002F.140,2017-06-11 08:13:08.191937,2017-06-11 08:13:29.525270,21.333333333333332,8388608,4096000
datasets/ColorSynth/GoMRI-17/2017_West/Buoy140/71610030.140,71610030.140,2017-06-11 08:13:29.523625,2017-06-11 08:13:50.856958,21.333333333333332,8388608,4096000
datasets/ColorSynth/GoMRI-17/2017_West/Buoy140/71610031.140,71610031.140,2017-06-11 08:13:50.855281,2017-06-11 08:14:12.188614,21.333333333333332,8388608,4096000
datasets/ColorSynth/GoMRI-17/2017_West/Buoy140/71610032.140,71610032.140,2017-06-11 08:14:12.186969,2017-06-11 08:14:33.520302,21.333333333333332,8388608,4096000
datasets/ColorSynth/GoMRI-17/2017_West/Buoy140/71610033.140,71610033.140,2017-06-11 08:14:33.518656,2017-06-11 08:14:54.851989,21.333333333333332,8388608,4096000
datasets/ColorSynth/GoMRI-17/2017_West/Buoy140/71610034.140,71610034.140,2017-06-11 08:14:54.850313,2017-06-11 08:15:16.183646,21.333333333333332,8388608,4096000
datasets/ColorSynth/GoMRI-17/2017_West/Buoy140/71610035.140,71610035.140,2017-06-11 08:15:16.182000,2017-06-11 08:15:37.515333,21.333333333333332,8388608,4096000
datasets/ColorSynth/GoMRI-17/2017_West/Buoy140/71610036.140,71610036.140,2017-06-11 08:15:37.513687,2017-06-11 08:15:58.847020,21.333333333333332,8388608,4096000
datasets/ColorSynth/GoMRI-17/2017_West/Buoy140/71610037.140,71610037.140,2017-06-11 08:15:58.845375,2017-06-11 08:16:20.178708,21.333333333333332,8388608,4096000
datasets/ColorSynth/GoMRI-17/2017_West/Buoy140/71610038.140,71610038.140,2017-06-11 08:16:20.177031,2017-06-11 08:16:41.510364,21.333333333333332,8388608,4096000
datasets/ColorSynth/GoMRI-17/2017_West/Buoy140/71610039.140,71610039.140,2017-06-11 08:16:41.508719,2017-06-11 08:17:02.842052,21.333333333333332,8388608,4096000
datasets/ColorSynth/GoMRI-17/2017_West/Buoy140/7161003A.140,7161003A.140,2017-06-11 08:17:02.840406,2017-06-11 08:17:24.173739,21.333333333333332,8388608,4096000
datasets/ColorSynth/GoMRI-17/2017_West/Buoy140/7161003B.140,7161003B.140,2017-06-11 08:17:24.172063,2017-06-11 08:17:45.505396,21.333333333333332,8388608,4096000
datasets/ColorSynth/GoMRI-17/2017_West/Buoy140/7161003C.140,7161003C.140,2017-06-11 08:17:45.503750,2017-06-11 08:18:06.837083,21.333333333333332,8388608,4096000
datasets/ColorSynth/GoMRI-17/2017_West/Buoy140/7161003D.140,7161003D.140,2017-06-11 08:18:06.835437,2017-06-11 08:18:28.168770,21.333333333333332,8388608,4096000
datasets/ColorSynth/GoMRI-17/2017_West/Buoy140/7161003E.140,7161003E.140,2017-06-11 08:18:28.167094,2017-06-11 08:18:49.500427,21.333333333333332,8388608,4096000
datasets/ColorSynth/GoMRI-17/2017_West/Buoy140/7161003F.140,7161003F.140,2017-06-11 08:18:49.498781,2017-06-11 08:19:10.832114,21.333333333333332,8388608,4096000
datasets/ColorSynth/GoMRI-17/2017_West/Buoy140/71610040.140,71610040.140,2017-06-11 08:19:10.830469,2017-06-11 08:19:32.163802,21.333333333333332,8388608,4096000
datasets/ColorSynth/GoMRI-17/2017_West/Buoy140/71610041.140,71610041.140,2017-06-11 08:19:32.162156,2017-06-11 08:19:53.495489,21.333333333333332,8388608,4096000
datasets/ColorSynth/GoMRI-17/2017_West/Buoy140/71610042.140,71610042.140,2017-06-11 08:19:53.493813,2017-06-11 08:20:14.827146,21.333333333333332,8388608,4096000
datasets/ColorSynth/GoMRI-17/2017_West/Buoy140/71610043.140,71610043.140,2017-06-11 08:20:14.825500,2017-06-11 08:20:36.158833,21.333333333333332,8388608,4096000
datasets/ColorSynth/GoMRI-17/2017_West/Buoy140/71610044.140,71610044.140,2017-06-11 08:20:36.157187,2017-06-11 08:20:57.490520,21.333333333333332,8388608,4096000
datasets/ColorSynth/GoMRI-17/2017_West/Buoy140/71610045.140,71610045.140,2017-06-11 08:20:57.488844,2017-06-11 08:21:18.822177,21.333333333333332,8388608,4096000
datasets/ColorSynth/GoMRI-17/2017_West/Buoy140/71610046.140,71610046.140,2017-06-11 08:21:18.820531,2017-06-11 08:21:40.153864,21.333333333333332,8388608,4096000
datasets/ColorSynth/GoMRI-17/2017_West/Buoy140/71610047.140,71610047.140,2017-06-11 08:21:40.152219,2017-06-11 08:22:01.485552,21.333333333333332,8388608,4096000
datasets/ColorSynth/GoMRI-17/2017_West/Buoy140/71610048.140,71610048.140,2017-06-11 08:22:01.483875,2017-06-11 08:22:22.817208,21.333333333333332,8388608,4096000
datasets/ColorSynth/GoMRI-17/2017_West/Buoy140/71610049.140,71610049.140,2017-06-11 08:22:22.815563,2017-06-11 08:22:44.148896,21.333333333333332,8388608,4096000
datasets/ColorSynth/GoMRI-17/2017_West/Buoy140/7161004A.140,7161004A.140,2017-06-11 08:22:44.147250,2017-06-11 08:23:05.480583,21.333333333333332,8388608,4096000
datasets/ColorSynth/GoMRI-17/2017_West/Buoy140/7161004B.140,7161004B.140,2017-06-11 08:23:05.478937,2017-06-11 08:23:26.812270,21.333333333333332,8388608,4096000
datasets/ColorSynth/GoMRI-17/2017_West/Buoy140/7161004C.140,7161004C.140,2017-06-11 08:23:26.810594,2017-06-11 08:23:48.143927,21.333333333333332,8388608,4096000
datasets/ColorSynth/GoMRI-17/2017_West/Buoy140/7161004D.140,7161004D.140,2017-06-11 08:23:48.142281,2017-06-11 08:24:09.475614,21.333333333333332,8388608,4096000
datasets/ColorSynth/GoMRI-17/2017_West/Buoy140/7161004E.140,7161004E.140,2017-06-11 08:24:09.473969,2017-06-11 08:24:30.807302,21.333333333333332,8388608,4096000
datasets/ColorSynth/GoMRI-17/2017_West/Buoy140/7161004F.140,7161004F.140,2017-06-11 08:24:30.805625,2017-06-11 08:24:52.138958,21.333333333333332,8388608,4096000
datasets/ColorSynth/GoMRI-17/2017_West/Buoy140/71610050.140,71610050.140,2017-06-11 08:24:52.137313,2017-06-11 08:25:13.470646,21.333333333333332,8388608,4096000
datasets/ColorSynth/GoMRI-17/2017_West/Buoy140/71610051.140,71610051.140,2017-06-11 08:25:13.469000,2017-06-11 08:25:34.802333,21.333333333333332,8388608,4096000
datasets/ColorSynth/GoMRI-17/2017_West/Buoy140/71610052.140,71610052.140,2017-06-11 08:25:34.800656,2017-06-11 08:25:56.133989,21.333333333333332,8388608,4096000
datasets/ColorSynth/GoMRI-17/2017_West/Buoy140/71610053.140,71610053.140,2017-06-11 08:25:56.132344,2017-06-11 08:26:17.465677,21.333333333333332,8388608,4096000
datasets/ColorSynth/GoMRI-17/2017_West/Buoy140/71610054.140,71610054.140,2017-06-11 08:26:17.464031,2017-06-11 08:26:38.797364,21.333333333333332,8388608,4096000
datasets/ColorSynth/GoMRI-17/2017_West/Buoy140/71610055.140,71610055.140,2017-06-11 08:26:38.795719,2017-06-11 08:27:00.129052,21.333333333333332,8388608,4096000
datasets/ColorSynth/GoMRI-17/2017_West/Buoy140/71610056.140,71610056.140,2017-06-11 08:27:00.127375,2017-06-11 08:27:21.460708,21.333333333333332,8388608,4096000
datasets/ColorSynth/GoMRI-17/2017_West/Buoy140/71610057.140,71610057.140,2017-06-11 08:27:21.459063,2017-06-11 08:27:42.792396,21.333333333333332,8388608,4096000
datasets/ColorSynth/GoMRI-17/2017_West/Buoy140/71610058.140,71610058.140,2017-06-11 08:27:42.790750,2017-06-11 08:28:04.124083,21.333333333333332,8388608,4096000
datasets/ColorSynth/GoMRI-17/2017_West/Buoy140/71610059.140,71610059.140,2017-06-11 08:28:04.122406,2017-06-11 08:28:25.455739,21.333333333333332,8388608,4096000
datasets/ColorSynth/GoMRI-17/2017_West/Buoy140/7161005A.140,7161005A.140,2017-06-11 08:28:25.454094,2017-06-11 08:28:46.787427,21.333333333333332,8388608,4096000
datasets/ColorSynth/GoMRI-17/2017_West/Buoy140/7161005B.140,7161005B.140,2017-06-11 08:28:46.785781,2017-06-11 08:29:08.119114,21.333333333333332,8388608,4096000
datasets/ColorSynth/GoMRI-17/2017_West/Buoy140/7161005C.140,7161005C.140,2017-06-11 08:29:08.117437,2017-06-11 08:29:29.450770,21.333333333333332,8388608,4096000
datasets/ColorSynth/GoMRI-17/2017_West/Buoy140/7161005D.140,7161005D.140,2017-06-11 08:29:29.449125,2017-06-11 08:29:50.782458,21.333333333333332,8388608,4096000
datasets/ColorSynth/GoMRI-17/2017_West/Buoy140/7161005E.140,7161005E.140,2017-06-11 08:29:50.780813,2017-06-11 08:30:12.114146,21.333333333333332,8388608,4096000
datasets/ColorSynth/GoMRI-17/2017_West/Buoy140/7161005F.140,7161005F.140,2017-06-11 08:30:12.112469,2017-06-11 08:30:33.445802,21.333333333333332,8388608,4096000
datasets/ColorSynth/GoMRI-17/2017_West/Buoy140/71610060.140,71610060.140,2017-06-11 08:30:33.444156,2017-06-11 08:30:54.777489,21.333333333333332,8388608,4096000
datasets/ColorSynth/GoMRI-17/2017_West/Buoy140/71610061.140,71610061.140,2017-06-11 08:30:54.775844,2017-06-11 08:31:16.109177,21.333333333333332,8388608,4096000
datasets/ColorSynth/GoMRI-17/2017_West/Buoy140/71610062.140,71610062.140,2017-06-11 08:31:16.107500,2017-06-11 08:31:37.440833,21.333333333333332,8388608,4096000
datasets/ColorSynth/GoMRI-17/2017_West/Buoy140/71610063.140,71610063.140,2017-06-11 08:31:37.439187,2017-06-11 08:31:58.772520,21.333333333333332,8388608,4096000
datasets/ColorSynth/GoMRI-17/2017_West/Buoy140/71610064.140,71610064.140,2017-06-11 08:31:58.770875,2017-06-11 08:32:20.104208,21.333333333333332,8388608,4096000
datasets/ColorSynth/GoMRI-17/2017_West/Buoy140/71610065.140,71610065.140,2017-06-11 08:32:20.102531,2017-06-11 08:32:41.435864,21.333333333333332,8388608,4096000
datasets/ColorSynth/GoMRI-17/2017_West/Buoy140/71610066.140,71610066.140,2017-06-11 08:32:41.434219,2017-06-11 08:33:02.767552,21.333333333333332,8388608,4096000
datasets/ColorSynth/GoMRI-17/2017_West/Buoy140/71610067.140,71610067.140,2017-06-11 08:33:02.765875,2017-06-11 08:33:24.099208,21.333333333333332,8388608,4096000
datasets/ColorSynth/GoMRI-17/2017_West/Buoy140/71610068.140,71610068.140,2017-06-11 08:33:24.097562,2017-06-11 08:33:45.430895,21.333333333333332,8388608,4096000
datasets/ColorSynth/GoMRI-17/2017_West/Buoy140/71610069.140,71610069.140,2017-06-11 08:33:45.429219,2017-06-11 08:34:06.762552,21.333333333333332,8388608,4096000
datasets/ColorSynth/GoMRI-17/2017_West/Buoy140/7161006A.140,7161006A.140,2017-06-11 08:34:06.760906,2017-06-11 08:34:28.094239,21.333333333333332,8388608,4096000
datasets/ColorSynth/GoMRI-17/2017_West/Buoy140/7161006B.140,7161006B.140,2017-06-11 08:34:28.092562,2017-06-11 08:34:49.425895,21.333333333333332,8388608,4096000
datasets/ColorSynth/GoMRI-17/2017_West/Buoy140/7161006C.140,7161006C.140,2017-06-11 08:34:49.424250,2017-06-11 08:35:10.757583,21.333333333333332,8388608,4096000
datasets/ColorSynth/GoMRI-17/2017_West/Buoy140/7161006D.140,7161006D.140,2017-06-11 08:35:10.755906,2017-06-11 08:35:32.089239,21.333333333333332,8388608,4096000
datasets/ColorSynth/GoMRI-17/2017_West/Buoy140/7161006E.140,7161006E.140,2017-06-11 08:35:32.087594,2017-06-11 08:35:53.420927,21.333333333333332,8388608,4096000
datasets/ColorSynth/GoMRI-17/2017_West/Buoy140/7161006F.140,7161006F.140,2017-06-11 08:35:53.419250,2017-06-11 08:36:14.752583,21.333333333333332,8388608,4096000
datasets/ColorSynth/GoMRI-17/2017_West/Buoy140/71610070.140,71610070.140,2017-06-11 08:36:14.750906,2017-06-11 08:36:36.084239,21.333333333333332,8388608,4096000
datasets/ColorSynth/GoMRI-17/2017_West/Buoy140/71610071.140,71610071.140,2017-06-11 08:36:36.082594,2017-06-11 08:36:57.415927,21.333333333333332,8388608,4096000
datasets/ColorSynth/GoMRI-17/2017_West/Buoy140/71610072.140,71610072.140,2017-06-11 08:36:57.414250,2017-06-11 08:37:18.747583,21.333333333333332,8388608,4096000
datasets/ColorSynth/GoMRI-17/2017_West/Buoy140/71610073.140,71610073.140,2017-06-11 08:37:18.745906,2017-06-11 08:37:40.079239,21.333333333333332,8388608,4096000
datasets/ColorSynth/GoMRI-17/2017_West/Buoy140/71610074.140,71610074.140,2017-06-11 08:37:40.077563,2017-06-11 08:38:01.410896,21.333333333333332,8388608,4096000
datasets/ColorSynth/GoMRI-17/2017_West/Buoy140/71610075.140,71610075.140,2017-06-11 08:38:01.409250,2017-06-11 08:38:22.742583,21.333333333333332,8388608,4096000
datasets/ColorSynth/GoMRI-17/2017_West/Buoy140/71610076.140,71610076.140,2017-06-11 08:38:22.740906,2017-06-11 08:38:44.074239,21.333333333333332,8388608,4096000
datasets/ColorSynth/GoMRI-17/2017_West/Buoy140/71610077.140,71610077.140,2017-06-11 08:38:44.072563,2017-06-11 08:39:05.405896,21.333333333333332,8388608,4096000
datasets/ColorSynth/GoMRI-17/2017_West/Buoy140/71610078.140,71610078.140,2017-06-11 08:39:05.404219,2017-06-11 08:39:26.737552,21.333333333333332,8388608,4096000
datasets/ColorSynth/GoMRI-17/2017_West/Buoy140/71610079.140,71610079.140,2017-06-11 08:39:26.735875,2017-06-11 08:39:48.069208,21.333333333333332,8388608,4096000
datasets/ColorSynth/GoMRI-17/2017_West/Buoy140/7161007A.140,7161007A.140,2017-06-11 08:39:48.067531,2017-06-11 08:40:09.400864,21.333333333333332,8388608,4096000
datasets/ColorSynth/GoMRI-17/2017_West/Buoy140/7161007B.140,7161007B.140,2017-06-11 08:40:09.399187,2017-06-11 08:40:30.732520,21.333333333333332,8388608,4096000
datasets/ColorSynth/GoMRI-17/2017_West/Buoy140/7161007C.140,7161007C.140,2017-06-11 08:40:30.730844,2017-06-11 08:40:52.064177,21.333333333333332,8388608,4096000
datasets/ColorSynth/GoMRI-17/2017_West/Buoy140/7161007D.140,7161007D.140,2017-06-11 08:40:52.062500,2017-06-11 08:41:13.395833,21.333333333333332,8388608,4096000
datasets/ColorSynth/GoMRI-17/2017_West/Buoy140/7161007E.140,7161007E.140,2017-06-11 08:41:13.394156,2017-06-11 08:41:34.727489,21.333333333333332,8388608,4096000
datasets/ColorSynth/GoMRI-17/2017_West/Buoy140/7161007F.140,7161007F.140,2017-06-11 08:41:34.725813,2017-06-11 08:41:56.059146,21.333333333333332,8388608,4096000
datasets/ColorSynth/GoMRI-17/2017_West/Buoy140/71610080.140,71610080.140,2017-06-11 08:41:56.057469,2017-06-11 08:42:17.390802,21.333333333333332,8388608,4096000
datasets/ColorSynth/GoMRI-17/2017_West/Buoy140/71610081.140,71610081.140,2017-06-11 08:42:17.389125,2017-06-11 08:42:38.722458,21.333333333333332,8388608,4096000
datasets/ColorSynth/GoMRI-17/2017_West/Buoy140/71610082.140,71610082.140,2017-06-11 08:42:38.720750,2017-06-11 08:43:00.054083,21.333333333333332,8388608,4096000
datasets/ColorSynth/GoMRI-17/2017_West/Buoy140/71610083.140,71610083.140,2017-06-11 08:43:00.052406,2017-06-11 08:43:21.385739,21.333333333333332,8388608,4096000
datasets/ColorSynth/GoMRI-17/2017_West/Buoy140/71610084.140,71610084.140,2017-06-11 08:43:21.384062,2017-06-11 08:43:42.717395,21.333333333333332,8388608,4096000
datasets/ColorSynth/GoMRI-17/2017_West/Buoy140/71610085.140,71610085.140,2017-06-11 08:43:42.715719,2017-06-11 08:44:04.049052,21.333333333333332,8388608,4096000
datasets/ColorSynth/GoMRI-17/2017_West/Buoy140/71610086.140,71610086.140,2017-06-11 08:44:04.047344,2017-06-11 08:44:25.380677,21.333333333333332,8388608,4096000
datasets/ColorSynth/GoMRI-17/2017_West/Buoy140/71610087.140,71610087.140,2017-06-11 08:44:25.379000,2017-06-11 08:44:46.712333,21.333333333333332,8388608,4096000
datasets/ColorSynth/GoMRI-17/2017_West/Buoy140/71610088.140,71610088.140,2017-06-11 08:44:46.710625,2017-06-11 08:45:08.043958,21.333333333333332,8388608,4096000
datasets/ColorSynth/GoMRI-17/2017_West/Buoy140/71610089.140,71610089.140,2017-06-11 08:45:08.042281,2017-06-11 08:45:29.375614,21.333333333333332,8388608,4096000
datasets/ColorSynth/GoMRI-17/2017_West/Buoy140/7161008A.140,7161008A.140,2017-06-11 08:45:29.373906,2017-06-11 08:45:50.707239,21.333333333333332,8388608,4096000
datasets/ColorSynth/GoMRI-17/2017_West/Buoy140/7161008B.140,7161008B.140,2017-06-11 08:45:50.705563,2017-06-11 08:46:12.038896,21.333333333333332,8388608,4096000
datasets/ColorSynth/GoMRI-17/2017_West/Buoy140/7161008C.140,7161008C.140,2017-06-11 08:46:12.037188,2017-06-11 08:46:33.370521,21.333333333333332,8388608,4096000
datasets/ColorSynth/GoMRI-17/2017_West/Buoy140/7161008D.140,7161008D.140,2017-06-11 08:46:33.368844,2017-06-11 08:46:54.702177,21.333333333333332,8388608,4096000
datasets/ColorSynth/GoMRI-17/2017_West/Buoy140/7161008E.140,7161008E.140,2017-06-11 08:46:54.700469,2017-06-11 08:47:16.033802,21.333333333333332,8388608,4096000
datasets/ColorSynth/GoMRI-17/2017_West/Buoy140/7161008F.140,7161008F.140,2017-06-11 08:47:16.032125,2017-06-11 08:47:37.365458,21.333333333333332,8388608,4096000
datasets/ColorSynth/GoMRI-17/2017_West/Buoy140/71610090.140,71610090.140,2017-06-11 08:47:37.363750,2017-06-11 08:47:58.697083,21.333333333333332,8388608,4096000
datasets/ColorSynth/GoMRI-17/2017_West/Buoy140/71610091.140,71610091.140,2017-06-11 08:47:58.695375,2017-06-11 08:48:20.028708,21.333333333333332,8388608,4096000
datasets/ColorSynth/GoMRI-17/2017_West/Buoy140/71610092.140,71610092.140,2017-06-11 08:48:20.027000,2017-06-11 08:48:41.360333,21.333333333333332,8388608,4096000
datasets/ColorSynth/GoMRI-17/2017_West/Buoy140/71610093.140,71610093.140,2017-06-11 08:48:41.358625,2017-06-11 08:49:02.691958,21.333333333333332,8388608,4096000
datasets/ColorSynth/GoMRI-17/2017_West/Buoy140/71610094.140,71610094.140,2017-06-11 08:49:02.690250,2017-06-11 08:49:24.023583,21.333333333333332,8388608,4096000
datasets/ColorSynth/GoMRI-17/2017_West/Buoy140/71610095.140,71610095.140,2017-06-11 08:49:24.021875,2017-06-11 08:49:45.355208,21.333333333333332,8388608,4096000
datasets/ColorSynth/GoMRI-17/2017_West/Buoy140/71610096.140,71610096.140,2017-06-11 08:49:45.353500,2017-06-11 08:50:06.686833,21.333333333333332,8388608,4096000
datasets/ColorSynth/GoMRI-17/2017_West/Buoy140/71610097.140,71610097.140,2017-06-11 08:50:06.685125,2017-06-11 08:50:28.018458,21.333333333333332,8388608,4096000
datasets/ColorSynth/GoMRI-17/2017_West/Buoy140/71610098.140,71610098.140,2017-06-11 08:50:28.016750,2017-06-11 08:50:49.350083,21.333333333333332,8388608,4096000
datasets/ColorSynth/GoMRI-17/2017_West/Buoy140/71610099.140,71610099.140,2017-06-11 08:50:49.348375,2017-06-11 08:51:10.681708,21.333333333333332,8388608,4096000
datasets/ColorSynth/GoMRI-17/2017_West/Buoy140/7161009A.140,7161009A.140,2017-06-11 08:51:10.679969,2017-06-11 08:51:32.013302,21.333333333333332,8388608,4096000
datasets/ColorSynth/GoMRI-17/2017_West/Buoy140/7161009B.140,7161009B.140,2017-06-11 08:51:32.011594,2017-06-11 08:51:53.344927,21.333333333333332,8388608,4096000
datasets/ColorSynth/GoMRI-17/2017_West/Buoy140/7161009C.140,7161009C.140,2017-06-11 08:51:53.343219,2017-06-11 08:52:14.676552,21.333333333333332,8388608,4096000
datasets/ColorSynth/GoMRI-17/2017_West/Buoy140/7161009D.140,7161009D.140,2017-06-11 08:52:14.674813,2017-06-11 08:52:36.008146,21.333333333333332,8388608,4096000
datasets/ColorSynth/GoMRI-17/2017_West/Buoy140/7161009E.140,7161009E.140,2017-06-11 08:52:36.006438,2017-06-11 08:52:57.339771,21.333333333333332,8388608,4096000
datasets/ColorSynth/GoMRI-17/2017_West/Buoy140/7161009F.140,7161009F.140,2017-06-11 08:52:57.338031,2017-06-11 08:53:18.671364,21.333333333333332,8388608,4096000
datasets/ColorSynth/GoMRI-17/2017_West/Buoy140/716100A0.140,716100A0.140,2017-06-11 08:53:18.669656,2017-06-11 08:53:40.002989,21.333333333333332,8388608,4096000
datasets/ColorSynth/GoMRI-17/2017_West/Buoy140/716100A1.140,716100A1.140,2017-06-11 08:53:40.001250,2017-06-11 08:54:01.334583,21.333333333333332,8388608,4096000
datasets/ColorSynth/GoMRI-17/2017_West/Buoy140/716100A2.140,716100A2.140,2017-06-11 08:54:01.332844,2017-06-11 08:54:22.666177,21.333333333333332,8388608,4096000
datasets/ColorSynth/GoMRI-17/2017_West/Buoy140/716100A3.140,716100A3.140,2017-06-11 08:54:22.664469,2017-06-11 08:54:43.997802,21.333333333333332,8388608,4096000
datasets/ColorSynth/GoMRI-17/2017_West/Buoy140/716100A4.140,716100A4.140,2017-06-11 08:54:43.996063,2017-06-11 08:55:05.329396,21.333333333333332,8388608,4096000
datasets/ColorSynth/GoMRI-17/2017_West/Buoy140/716100A5.140,716100A5.140,2017-06-11 08:55:05.327656,2017-06-11 08:55:26.660989,21.333333333333332,8388608,4096000
datasets/ColorSynth/GoMRI-17/2017_West/Buoy140/716100A6.140,716100A6.140,2017-06-11 08:55:26.659281,2017-06-11 08:55:47.992614,21.333333333333332,8388608,4096000
datasets/ColorSynth/GoMRI-17/2017_West/Buoy140/716100A7.140,716100A7.140,2017-06-11 08:55:47.990875,2017-06-11 08:56:09.324208,21.333333333333332,8388608,4096000
datasets/ColorSynth/GoMRI-17/2017_West/Buoy140/716100A8.140,716100A8.140,2017-06-11 08:56:09.322469,2017-06-11 08:56:30.655802,21.333333333333332,8388608,4096000
datasets/ColorSynth/GoMRI-17/2017_West/Buoy140/716100A9.140,716100A9.140,2017-06-11 08:56:30.654063,2017-06-11 08:56:51.987396,21.333333333333332,8388608,4096000
datasets/ColorSynth/GoMRI-17/2017_West/Buoy140/716100AA.140,716100AA.140,2017-06-11 08:56:51.985656,2017-06-11 08:57:13.318989,21.333333333333332,8388608,4096000
datasets/ColorSynth/GoMRI-17/2017_West/Buoy140/716100AB.140,716100AB.140,2017-06-11 08:57:13.317250,2017-06-11 08:57:34.650583,21.333333333333332,8388608,4096000
datasets/ColorSynth/GoMRI-17/2017_West/Buoy140/716100AC.140,716100AC.140,2017-06-11 08:57:34.648844,2017-06-11 08:57:55.982177,21.333333333333332,8388608,4096000
datasets/ColorSynth/GoMRI-17/2017_West/Buoy140/716100AD.140,716100AD.140,2017-06-11 08:57:55.980438,2017-06-11 08:58:17.313771,21.333333333333332,8388608,4096000
datasets/ColorSynth/GoMRI-17/2017_West/Buoy140/716100AE.140,716100AE.140,2017-06-11 08:58:17.312000,2017-06-11 08:58:38.645333,21.333333333333332,8388608,4096000
datasets/ColorSynth/GoMRI-17/2017_West/Buoy140/716100AF.140,716100AF.140,2017-06-11 08:58:38.643594,2017-06-11 08:58:59.976927,21.333333333333332,8388608,4096000
datasets/ColorSynth/GoMRI-17/2017_West/Buoy140/716100B0.140,716100B0.140,2017-06-11 08:58:59.975188,2017-06-11 08:59:21.308521,21.333333333333332,8388608,4096000
datasets/ColorSynth/GoMRI-17/2017_West/Buoy140/716100B1.140,716100B1.140,2017-06-11 08:59:21.306750,2017-06-11 08:59:42.640083,21.333333333333332,8388608,4096000
datasets/ColorSynth/GoMRI-17/2017_West/Buoy140/716100B2.140,716100B2.140,2017-06-11 08:59:42.638344,2017-06-11 09:00:03.971677,21.333333333333332,8388608,4096000
datasets/ColorSynth/GoMRI-17/2017_West/Buoy140/716100B3.140,716100B3.140,2017-06-11 09:00:03.969906,2017-06-11 09:00:25.303239,21.333333333333332,8388608,4096000
datasets/ColorSynth/GoMRI-17/2017_West/Buoy140/716100B4.140,716100B4.140,2017-06-11 09:00:25.301500,2017-06-11 09:00:46.634833,21.333333333333332,8388608,4096000
datasets/ColorSynth/GoMRI-17/2017_West/Buoy140/716100B5.140,716100B5.140,2017-06-11 09:00:46.633062,2017-06-11 09:01:07.966395,21.333333333333332,8388608,4096000
datasets/ColorSynth/GoMRI-17/2017_West/Buoy140/716100B6.140,716100B6.140,2017-06-11 09:01:07.964625,2017-06-11 09:01:29.297958,21.333333333333332,8388608,4096000
datasets/ColorSynth/GoMRI-17/2017_West/Buoy140/716100B7.140,716100B7.140,2017-06-11 09:01:29.296219,2017-06-11 09:01:50.629552,21.333333333333332,8388608,4096000
datasets/ColorSynth/GoMRI-17/2017_West/Buoy140/716100B8.140,716100B8.140,2017-06-11 09:01:50.627781,2017-06-11 09:02:11.961114,21.333333333333332,8388608,4096000
datasets/ColorSynth/GoMRI-17/2017_West/Buoy140/716100B9.140,716100B9.140,2017-06-11 09:02:11.959344,2017-06-11 09:02:33.292677,21.333333333333332,8388608,4096000
datasets/ColorSynth/GoMRI-17/2017_West/Buoy140/716100BA.140,716100BA.140,2017-06-11 09:02:33.290906,2017-06-11 09:02:54.624239,21.333333333333332,8388608,4096000
datasets/ColorSynth/GoMRI-17/2017_West/Buoy140/716100BB.140,716100BB.140,2017-06-11 09:02:54.622469,2017-06-11 09:03:15.955802,21.333333333333332,8388608,4096000
datasets/ColorSynth/GoMRI-17/2017_West/Buoy140/716100BC.140,716100BC.140,2017-06-11 09:03:15.954031,2017-06-11 09:03:37.287364,21.333333333333332,8388608,4096000
datasets/ColorSynth/GoMRI-17/2017_West/Buoy140/716100BD.140,716100BD.140,2017-06-11 09:03:37.285594,2017-06-11 09:03:58.618927,21.333333333333332,8388608,4096000
datasets/ColorSynth/GoMRI-17/2017_West/Buoy140/716100BE.140,716100BE.140,2017-06-11 09:03:58.617156,2017-06-11 09:04:19.950489,21.333333333333332,8388608,4096000
datasets/ColorSynth/GoMRI-17/2017_West/Buoy140/716100BF.140,716100BF.140,2017-06-11 09:04:19.948688,2017-06-11 09:04:41.282021,21.333333333333332,8388608,4096000
datasets/ColorSynth/GoMRI-17/2017_West/Buoy140/716100C0.140,716100C0.140,2017-06-11 09:04:41.280250,2017-06-11 09:05:02.613583,21.333333333333332,8388608,4096000
datasets/ColorSynth/GoMRI-17/2017_West/Buoy140/716100C1.140,716100C1.140,2017-06-11 09:05:02.611813,2017-06-11 09:05:23.945146,21.333333333333332,8388608,4096000
datasets/ColorSynth/GoMRI-17/2017_West/Buoy140/716100C2.140,716100C2.140,2017-06-11 09:05:23.943344,2017-06-11 09:05:45.276677,21.333333333333332,8388608,4096000
datasets/ColorSynth/GoMRI-17/2017_West/Buoy140/716100C3.140,716100C3.140,2017-06-11 09:05:45.274906,2017-06-11 09:06:06.608239,21.333333333333332,8388608,4096000
datasets/ColorSynth/GoMRI-17/2017_West/Buoy140/716100C4.140,716100C4.140,2017-06-11 09:06:06.606437,2017-06-11 09:06:27.939770,21.333333333333332,8388608,4096000
datasets/ColorSynth/GoMRI-17/2017_West/Buoy140/716100C5.140,716100C5.140,2017-06-11 09:06:27.938000,2017-06-11 09:06:49.271333,21.333333333333332,8388608,4096000
datasets/ColorSynth/GoMRI-17/2017_West/Buoy140/716100C6.140,716100C6.140,2017-06-11 09:06:49.269531,2017-06-11 09:07:10.602864,21.333333333333332,8388608,4096000
datasets/ColorSynth/GoMRI-17/2017_West/Buoy140/716100C7.140,716100C7.140,2017-06-11 09:07:10.601094,2017-06-11 09:07:31.934427,21.333333333333332,8388608,4096000
